name,id,COG.PRJ_name,COG.PRJ_id,COG.PRJ_code,COG.AWD_name,COG.AWD_id,COG.AWD_code
PRJ - 0 James Test,X6v9SE7YBMa,,,,,,
PRJ - 3MDG - Improve Maternal Health - Myanmar (Burma),pm2PZ0C1Frr,PRJ - 3MDG - Improve Maternal Health - Myanmar (Burma),um50SAN4AxY,,"AWD - Improved Midwifery for Maternal, Newborn and Child Health Services",Xxre8zCmvA7,2014-AWD-051
PRJ - Accelovate VMMC - Lesotho,e3pRzVC30vi,PRJ - Accelovate VMMC - Lesotho,DhhJzHoCDsq,,AWD - Technologies for Health (HealthTech),s1UtwDTphMg,2012-AWD-019
PRJ - ACCESS HSSP - Afghanistan,wzSNUGKFPIC,PRJ - ACCESS HSSP - Afghanistan,lhYtyfQSJRD,,AWD - ACCESS Associate Award: Service Delivery & Quality of Basic Services in Afghanistan: SSP,RGUK1TYk2jh,2006-AWD-022
PRJ - ACCESS Uzima - ART Care and Treatment - Kenya,fUtRoXECw6V,PRJ - ACCESS Uzima - ART Care and Treatment - Kenya,jQQCIaP0Boj,,AWD - ACCESS - Uzima,IDMhON0jC7q,2009-AWD-028
PRJ - ACCESS Uzima - Cervical Cancer - Kenya,gViMcRGZ7yb,PRJ - ACCESS Uzima - Cervical Cancer - Kenya,CoMUoKLeJVx,,AWD - ACCESS - Uzima,IDMhON0jC7q,2009-AWD-028
PRJ - ACCESS Uzima - Community PWP - Kenya,P0sPKIUEHjH,PRJ - ACCESS Uzima - Community PWP - Kenya,nwAg9mt7HRo,,AWD - ACCESS - Uzima,IDMhON0jC7q,2009-AWD-028
PRJ - ACCESS Uzima - DRH Central Support - Kenya,mdLvSbtHADQ,PRJ - ACCESS Uzima - DRH Central Support - Kenya,a6bE1B1fMCI,,AWD - ACCESS - Uzima,IDMhON0jC7q,2009-AWD-028
PRJ - ACCESS Uzima - HTC - Kenya,rfrsm31AB4u,PRJ - ACCESS Uzima - HTC - Kenya,cssX1ywquo0,,AWD - ACCESS - Uzima,IDMhON0jC7q,2009-AWD-028
PRJ - ACCESS Uzima - Injection Safety - Kenya,Y7YOMGONgIg,PRJ - ACCESS Uzima - Injection Safety - Kenya,GUQ1PHLBqlr,,AWD - ACCESS - Uzima,IDMhON0jC7q,2009-AWD-028
PRJ - ACCESS Uzima - Kenya,rh6d9xzBZae,PRJ - ACCESS Uzima - Kenya,c5nv6y6HSvP,,AWD - ACCESS - Uzima,IDMhON0jC7q,2009-AWD-028
PRJ - ACCESS Uzima - Malaria in Pregnancy (MIP) - Kenya,I8cY5j58Lnx,PRJ - ACCESS Uzima - Malaria in Pregnancy (MIP) - Kenya,XtSWwp5C37K,,AWD - ACCESS - Uzima,IDMhON0jC7q,2009-AWD-028
PRJ - ACCESS Uzima - MNH Bondo - Kenya,j3mXpkzKmpl,PRJ - ACCESS Uzima - MNH Bondo - Kenya,rkiExwfzljU,,AWD - ACCESS - Uzima,IDMhON0jC7q,2009-AWD-028
PRJ - ADECI (Inhambane) - Mozambique,jTZW83Evgcg,PRJ - ADECI (Inhambane) - Mozambique,iw2Xj4V5725,,AWD - Strengthening Safe Hospitals and Clinics in HIV/AIDS Prevention Activities - Mozambique,XHbjOOfrfxD,2009-AWD-047
PRJ - Adolescent Health Demonstration Project - Uganda,Os2TA4Ra7z4,PRJ - Adolescent Health Demonstration Project - Uganda,tswJR9lb6n0,,"AWD -Improving the Health Outcomes of Pregnant Adolescents, Adolescent Mothers and Adolescents Receiving Postabortion Care - Uganda",p9emMuY0qpE,2016-AWD-001UG
PRJ - ADPP/Hope (Maputo-province Nampula) - Mozambique,xBci6zGmcDS,PRJ - ADPP/Hope (Maputo-province Nampula) - Mozambique,Wiw4icdA9yk,,AWD - Strengthening Safe Hospitals and Clinics in HIV/AIDS Prevention Activities - Mozambique,XHbjOOfrfxD,2009-AWD-047
PRJ - AFP - Advance Family Planning II - India,SolD3j5yZq1,PRJ - AFP - Advance Family Planning II - India,zbECgkQYs9P,,AWD - Advance Family Planning - India,CiNeuGuJ2ZT,2016-AWD-062
PRJ - Afya Halisi - Kenya,zyVrTPLxERb,PRJ - Afya Halisi - Kenya,W5SH8imJTjn,,AWD - Afya County and National Support Program (Afya CNSP) - Kenya,Vkv3w6SPjNe,2018-AWD-015
PRJ - Afya Kamilisha - Kenya,Srl20WEFDaa,PRJ - Afya Kamilisha - Kenya,Uob1LDrRQAe,,AWD - HIV Service Delivery Support Activity (HSDSA) Cluster 3 - Kenya,XjMxqgrgpaf,2018-AWD-023
PRJ - AIDSFree - Malawi,wJeiKw4a2np,PRJ - AIDSFree - Malawi,OeeAEgQskOx,,AWD - Strengthening High Impact Interventions for an AIDS-Free Generation (AIDSFree Project),QyyGE2EC0VD,2015-AWD-006
PRJ - AIDSFREE - Mozambique,tgXTFu7tvOc,PRJ - AIDSFREE - Mozambique,RV1Eb3QsqkY,,AWD - Strengthening High Impact Interventions for an AIDS-Free Generation (AIDSFree Project),QyyGE2EC0VD,2015-AWD-006
PRJ - AIDSFree - Tanzania,ZAZip3tVjjb,PRJ - AIDSFree - Tanzania,akhdUQBWlbH,,AWD - Strengthening High Impact Interventions for an AIDS-Free Generation (AIDSFree Project),QyyGE2EC0VD,2015-AWD-006
PRJ - AIPDC (Inhambane) - Mozambique,FmshX73IjIK,PRJ - AIPDC (Inhambane) - Mozambique,JIAKTJk2uUq,,AWD - Strengthening Safe Hospitals and Clinics in HIV/AIDS Prevention Activities - Mozambique,XHbjOOfrfxD,2009-AWD-047
PRJ - Annie E Casey Earthquake Response - Nepal,xF111LZ9uPe,PRJ - Annie E Casey Earthquake Response - Nepal,htf97DAfqUQ,,AWD - Support the Nepal Relief Efforts,IJL5A3k1swD,2016-AWD-006
PRJ - Annual Global MCHIP Program - ALL,ruHc69BWlSz,PRJ - Annual Global MCHIP Program - ALL,dsBoaQtTlg4,,AWD - Maternal Child Health Integrated Program - (MCHIP),Nq5ki9cWLos,2009-AWD-010
PRJ - Anonymous Donor FP Advocacy - Bangladesh,qTYdYhbEpwg,PRJ - Anonymous Donor FP Advocacy - Bangladesh,Y75OZC8Q5Xh,,AWD - Philanthropic Opportunities to Bridge the Gap in Family Planning Advocacy - Bangladesh/India,oGtTrIAFUjE,2019-AWD-001BD/IN
PRJ - Anonymous Medical Error (MERSI) - Ethiopia,wC6u4Uz7nDY,PRJ - Anonymous Medical Error (MERSI) - Ethiopia,BYGXhc6Ne0I,,AWD - Medical Error - Ethiopia,MSpe68Kgq53,2017-AWD-029
PRJ - APHIAplus KaMili - Kenya,SI8uOn4n7gn,PRJ - APHIAplus KaMili - Kenya,Ct6eiqIMQzM,,AWD - APHIAplus Health Service Delivery Project-Zone 4: Central and Eastern Provinces,tZo1j79bpca,2011-AWD-019
PRJ - APHIAplus Zone 1 Western - Kenya,Xs2atqfmNT3,PRJ - APHIAplus Zone 1 Western - Kenya,DxAMR9pcczt,,"AWD - APHIAplus Health Service Delivery Project - Zone 1, Western and Nyanza Provinces B",hvjkVHaQyes,2011-AWD-021
PRJ - ASI Male circumcision - Swaziland,RJk5t8fGqFt,PRJ - ASI Male circumcision - Swaziland,tWo3O7QvW16,,AWD - Accelerated Saturation Initiative (ASI) for Male Circumcision - Swaziland,RjSMOLyWj40,2011-AWD-022
PRJ - ASMAN - Technology Development Support to Alliance for Saving Mothers and Newborns - India,lgNqJOO6Wdv,PRJ - ASMAN - Technology Development Support to Alliance for Saving Mothers and Newborns - India,zAclbSM27uy,,AWD - Sustaining Quality Assurance Accreditation in India's Private Sector - India,Yc1Uj5w3whn,2017-AWD-020
PRJ - ASRH - Ghana,Bczi3klESnR,PRJ - ASRH - Ghana,uQ4SLAZ6TUL,,AWD - General Funds - Ghana,POogJrX0dfh,2017-AWD-001GH
PRJ - BCPP - Voluntary Male Circumcision as part of the National Program and the Combination Prevention project - Botswana,d8stqWBiFam,PRJ - BCPP - Voluntary Male Circumcision as part of the National Program and the Combination Prevention project - Botswana,tgmxLfBKsai,,AWD - Voluntary Medical Male Circumcision (VMMC) as part of the National Program and the Combination Prevention Project in Botswana under PEPFAR ,bttXbXlXx48,2015-AWD-047 
PRJ - Breast Health Initiative-Maharashtra - India,WvvrT3TyG2C,PRJ - Breast Health Initiative-Maharashtra - India,ZI1rioofigD,,AWD - Breast Health Initiative in India with Tata Memorial Hospital - India,HmdSUoDzP7z,2018-AWD-001-IN
PRJ - Bridge to Scale - Kenya,WVntvzd8hrj,PRJ - Bridge to Scale - Kenya,XfQik0nHCwZ,,AWD - Bridge to Scale: A Model to Scale up Integrated Delivery of Oral Pre-Exposure Prophylaxis - Kenya,eooQXuXvQ1e,2017-AWD-001
PRJ - Building a Responsive National Human Resources for Health Management System to Increase Equitable Access to Quality Health - Myanmar,IIH7d5hpfun,PRJ - Building a Responsive National Human Resources for Health Management System to Increase Equitable Access to Quality Health - Myanmar,vNw2Q1mdG0z,,AWD - Access to Health Fund 2 - Myanmar,KTuUED9Qxst,2019-AWD-027
PRJ - Cargill PPFP - Bangladesh,cLCYifbWcUT,PRJ - Cargill PPFP - Bangladesh,erPqabKDGDC,,AWD - Accelerating Access to Postpartum Family Planning - Bangladesh,dssVRLSUtjt,2019-AWD-016
PRJ - CDC - Bilateral - Zambia,cLU2xVSxYn3,PRJ - CDC - Bilateral - Zambia,KppQbIw2Gwa,,AWD - Technical Assistance Program Implementation and Capacity Building for MU,nntQh33uBuw,2009-AWD-034
PRJ - CDC - COMH - Mozambique,UX6NMShGetJ,PRJ - CDC - COMH - Mozambique,ITpLoDjBKN2,,AWD - CDC - Comprehensive Approaches to Strengthening the Health System and HIV Response - Mozambique,s2xxjIegtp4,2016-AWD-015
PRJ - CDC - Community Counseling and Testing - Mozambique,rDuz8GCs9wz,PRJ - CDC - Community Counseling and Testing - Mozambique,f4yOt9Tss45,,AWD - Strengthening Safe Hospitals and Clinics in HIV/AIDS Prevention Activities - Mozambique,XHbjOOfrfxD,2009-AWD-047
PRJ - CDC - Curriculum Revision - Mozambique,JhDs6ehhIP6,PRJ - CDC - Curriculum Revision - Mozambique,sqv1baHrzfB,,AWD - Strengthening Safe Hospitals and Clinics in HIV/AIDS Prevention Activities - Mozambique,XHbjOOfrfxD,2009-AWD-047
PRJ - CDC - DREAMS - Mozambique,SwK0w5T3jJV,PRJ - CDC - DREAMS - Mozambique,UaVHKARwgcS,,AWD - CDC - Comprehensive Approaches to Strengthening the Health System and HIV Response - Mozambique,s2xxjIegtp4,2016-AWD-015
PRJ - CDC - Eastern - Zambia,MuH9LyAPxaG,PRJ - CDC - Eastern - Zambia,ejeLEXYvXE2,,AWD - Zambia CDC Eastern,r2359KTgUx5,2011-AWD-004
PRJ - CDC - GBVI - Mozambique,DrnQsGKlXQd,PRJ - CDC - GBVI - Mozambique,dmiGEybQcvx,,AWD - CDC - Comprehensive Approaches to Strengthening the Health System and HIV Response - Mozambique,s2xxjIegtp4,2016-AWD-015
PRJ - CDC - GBV - Mozambique,s9s4oDkl3kr,PRJ - CDC - GBV - Mozambique,tD1DBg8W8GF,,AWD - Strengthening Safe Hospitals and Clinics in HIV/AIDS Prevention Activities - Mozambique,XHbjOOfrfxD,2009-AWD-047
PRJ - CDC - HIV CT Central - Mozambique,YMWG2KgzMrW,PRJ - CDC - HIV CT Central - Mozambique,YVgXpj8EWJL,,AWD - Strengthening Safe Hospitals and Clinics in HIV/AIDS Prevention Activities - Mozambique,XHbjOOfrfxD,2009-AWD-047
PRJ - CDC - HIV/QI - Ethiopia,LbicdRHFFZ2,PRJ - CDC - HIV/QI - Ethiopia,xMJrsDN2G46,,AWD - CDC HIV/QI - Ethiopia,uyTatrIrpLs,2017-AWD-009
PRJ - CDC - HIV Screening - South Africa,ggzE9NBqvDg,PRJ - CDC - HIV Screening - South Africa,OvHsG5d67Rk,,"AWD - Increase Access To Voluntary, Confidential HIV Screening & Diagnostic HIV Counsel",IHssyUTvnLG,2008-AWD-009
PRJ - CDC - HSS - Continuing Education - Mozambique,dExrzvSgvqx,PRJ - CDC - HSS - Continuing Education - Mozambique,bYxQ98OVGey,,AWD - CDC - Comprehensive Approaches to Strengthening the Health System and HIV Response - Mozambique,s2xxjIegtp4,2016-AWD-015
PRJ - CDC - HSS - HRIS - Mozambique,yfVHSZAUlHC,PRJ - CDC - HSS - HRIS - Mozambique,uJuwxNTgcni,,AWD - CDC - Comprehensive Approaches to Strengthening the Health System and HIV Response - Mozambique,s2xxjIegtp4,2016-AWD-015
PRJ - CDC - HSS - In-patient Wards - Mozambique,N9L5RbKk0aB,PRJ - CDC - HSS - In-patient Wards - Mozambique,MKOATKEiL43,,AWD - CDC - Comprehensive Approaches to Strengthening the Health System and HIV Response - Mozambique,s2xxjIegtp4,2016-AWD-015
PRJ - CDC - HSS - SIFIn - Mozambique,kboh3dTszMD,PRJ - CDC - HSS - SIFIn - Mozambique,BQCJDthOYl2,,AWD - CDC - Comprehensive Approaches to Strengthening the Health System and HIV Response - Mozambique,s2xxjIegtp4,2016-AWD-015
PRJ - CDC - HSS - SIFo - Mozambique,nsAWsVMJCKD,PRJ - CDC - HSS - SIFo - Mozambique,gSRtMhgSJnF,,AWD - CDC - Comprehensive Approaches to Strengthening the Health System and HIV Response - Mozambique,s2xxjIegtp4,2016-AWD-015
PRJ - CDC - HTC - Combined Prevention - Mozambique,N1n80rBey8G,PRJ - CDC - HTC - Combined Prevention - Mozambique,Bg7fpMr994g,,AWD - CDC - Comprehensive Approaches to Strengthening the Health System and HIV Response - Mozambique,s2xxjIegtp4,2016-AWD-015
PRJ - CDC - HTC - Index Case - Mozambique,QT3UMSVdEwj,PRJ - CDC - HTC - Index Case - Mozambique,Q6rakMK9Pha,,AWD - CDC - Comprehensive Approaches to Strengthening the Health System and HIV Response - Mozambique,s2xxjIegtp4,2016-AWD-015
PRJ - CDC - HTC - Mobile Testing - Mozambique,IeZsw5FsMxa,PRJ - CDC - HTC - Mobile Testing - Mozambique,iJLwOOTILkI,,AWD - CDC - Comprehensive Approaches to Strengthening the Health System and HIV Response - Mozambique,s2xxjIegtp4,2016-AWD-015
PRJ - CDC - Human Resource Information System (HRIS) - Mozambique,OTDODonysZF,PRJ - CDC - Human Resource Information System (HRIS) - Mozambique,tkuU1WIJfxZ,,AWD - Strengthening Safe Hospitals and Clinics in HIV/AIDS Prevention Activities - Mozambique,XHbjOOfrfxD,2009-AWD-047
PRJ - CDC - Information System for In-service Training - Mozambique,dz4BjE7EXMH,PRJ - CDC - Information System for In-service Training - Mozambique,X4x2jsr1oEL,,AWD - Strengthening Safe Hospitals and Clinics in HIV/AIDS Prevention Activities - Mozambique,XHbjOOfrfxD,2009-AWD-047
PRJ - CDC - Information System for Pre-service Education - Mozambique,M7sWLPITGBC,PRJ - CDC - Information System for Pre-service Education - Mozambique,hppWoVUKaXW,,AWD - Strengthening Safe Hospitals and Clinics in HIV/AIDS Prevention Activities - Mozambique,XHbjOOfrfxD,2009-AWD-047
PRJ - CDC - Integrated Health Project MC/E-Learning - Zambia,I2WBQnzpbkg,PRJ - CDC - Integrated Health Project MC/E-Learning - Zambia,aAmDvecavZU,,"AWD - Capacity Building for Treatment, Care and Support (PMTCT); TB/HIV; Health System Strengthening; and Voluntary Medical Male Circumcision in Zambia under the President’s Emergency Plan for AIDS Relief (PEPFAR)",gVrxiE61bqG,2015-AWD-052
PRJ - CDC - IPC - MOHSW - Tanzania,UzkmYz6tnz6,PRJ - CDC - IPC - MOHSW - Tanzania,u8rLd2RexXZ,,AWD - Strengthening Infection Prevention and Control (IPC) through Technical Assistance provided to the MOHSW in the United Republic of Tanzania under the PEPFAR,nbe9DM0u3OS,2010-AWD-026
PRJ - CDC - IPC - Mozambique,IUfjxN5Z3ji,PRJ - CDC - IPC - Mozambique,ZDneU5kMgTS,,AWD - Strengthening Safe Hospitals and Clinics in HIV/AIDS Prevention Activities - Mozambique,XHbjOOfrfxD,2009-AWD-047
PRJ - CDC - Male Circumcision - South Africa,UzdZr3hZpUt,PRJ - CDC - Male Circumcision - South Africa,rClfs8BklHi,,AWD - CDC - Male Circumcision  -  South Africa,XTrGP9jf6Re,2018-AWD--039
PRJ - CDC - MC - Mozambique,LgNHhZGv3Xd,PRJ - CDC - MC - Mozambique,k0KL60mWzzS,,AWD - Strengthening Safe Hospitals and Clinics in HIV/AIDS Prevention Activities - Mozambique,XHbjOOfrfxD,2009-AWD-047
PRJ - CDC - Medical Male Circumcision - South Africa,NAKt56aIzhD,PRJ - CDC - Medical Male Circumcision - South Africa,hCwbqKnN554,,AWD - Provision of Male Circumcision for HIV Prevention in the Republic of South Africa under the President's Emergency Plan for AIDS Relief,VDtsShHz5eT,2012-AWD-010
PRJ - CDC - MMC - Mozambique,mJvoE0OYffm,PRJ - CDC - MMC - Mozambique,fqXYHtYSp70,,AWD - CDC - Comprehensive Approaches to Strengthening the Health System and HIV Response - Mozambique,s2xxjIegtp4,2016-AWD-015
PRJ - CDC - Model Wards - Mozambique,HChwDZHqQLw,PRJ - CDC - Model Wards - Mozambique,myrOiMIPety,,AWD - Strengthening Safe Hospitals and Clinics in HIV/AIDS Prevention Activities - Mozambique,XHbjOOfrfxD,2009-AWD-047
PRJ - CDC - PEPFAR - MC services expansion - Botswana,CZhKyW0cyC8,PRJ - CDC - PEPFAR - MC services expansion - Botswana,Fu1DYRcSlGH,,AWD - Expansion of Male Circumcision Services to Prevent HIV in Botswana under PEPFAR,MOfOHRWoASh,2010-AWD-006
PRJ - CDC - Preservice HIV Training - Kenya,zdrOCA96qLY,PRJ - CDC - Preservice HIV Training - Kenya,bgVzZ7MHHfm,,AWD - Strengthening Pre-Service Kenya Medical Training College and Other Medical College,jzu9XXVjoN1,2010-AWD-005
PRJ - CDC - Prevention care and treatment of HIV/AIDS - Nigeria,tLW11VNPbuR,PRJ - CDC - Prevention care and treatment of HIV/AIDS - Nigeria,T7p4TJiECAa,,"AWD - Implementation of Programs for the Prevention, Care and Treatment of HIV/AIDS in the Federal Republic of Nigeria",hDxXyfJ7HUS,2008-AWD-041
PRJ - CDC - Prophylaxis Pos Exposition - Mozambique,JOdMItx3sJX,PRJ - CDC - Prophylaxis Pos Exposition - Mozambique,PUaaDOwutkE,,AWD - Strengthening Safe Hospitals and Clinics in HIV/AIDS Prevention Activities - Mozambique,XHbjOOfrfxD,2009-AWD-047
PRJ - CDC - Provider Initiated Testing and Counselling - Mozambique,RnrzXapU6UN,PRJ - CDC - Provider Initiated Testing and Counselling - Mozambique,M16Ta4vDHYA,,AWD - Strengthening Safe Hospitals and Clinics in HIV/AIDS Prevention Activities - Mozambique,XHbjOOfrfxD,2009-AWD-047
PRJ - CDC - SBMR/PSE - Mozambique,aujwozXSpNM,PRJ - CDC - SBMR/PSE - Mozambique,EHOfLLvnCed,,AWD - Strengthening Safe Hospitals and Clinics in HIV/AIDS Prevention Activities - Mozambique,XHbjOOfrfxD,2009-AWD-047
PRJ - CDC - Strengthening Continuing Medical Education (CME) - Ethiopia,PjR8aaoMiw8,PRJ - CDC - Strengthening Continuing Medical Education (CME) - Ethiopia,RNFWxOjfMyN,,AWD - Strengthening Human Resources for Health Through Continuing Education of Health Workers,NSOcaxDatnD,2012-AWD-007
PRJ - CDC - Strengthening Safe Hospitals and Clinics in HIV/AIDS Prevention Activities - Mozambique,FEZSlmzUMYj,PRJ - CDC - Strengthening Safe Hospitals and Clinics in HIV/AIDS Prevention Activities - Mozambique,QtTRNWFbrr3,,AWD - Strengthening Safe Hospitals and Clinics in HIV/AIDS Prevention Activities - Mozambique,XHbjOOfrfxD,2009-AWD-047
PRJ - CDC - TBIC/WPS - Mozambique,GzbI49VegR8,PRJ - CDC - TBIC/WPS - Mozambique,CyDiEgL3gU9,,AWD - CDC - Comprehensive Approaches to Strengthening the Health System and HIV Response - Mozambique,s2xxjIegtp4,2016-AWD-015
PRJ - CDC - Technical Assistance in Support of HIV Prevention Care and Treatment Programs - Cote dIvoire,hN5LOghXifH,PRJ - CDC - Technical Assistance in Support of HIV Prevention Care and Treatment Programs - Cote dIvoire,dVVZdoTf9Nh,,"AWD - Technical Assistance in Support of HIV Prevention, Care and Treatment Programs",EXyzNIiruZi,2009-AWD-041
PRJ - CDC - Tuberculosis Infection Control - Mozambique,wuKCqWQkN8C,PRJ - CDC - Tuberculosis Infection Control - Mozambique,Kbz7X5RPeSA,,AWD - Strengthening Safe Hospitals and Clinics in HIV/AIDS Prevention Activities - Mozambique,XHbjOOfrfxD,2009-AWD-047
PRJ - CDC - VMMC TB Sub - South Africa,FFS3BLmWxNa,PRJ - CDC - VMMC TB Sub - South Africa,wawogUjoLHw,,AWD - South Africa CDC VMMC ,YfIdGI91W3E,2017-AWD-053
PRJ - CDC - Workplace Safety - Mozambique,UqUSUYMr2lO,PRJ - CDC - Workplace Safety - Mozambique,FIaB1jjLhAa,,AWD - Strengthening Safe Hospitals and Clinics in HIV/AIDS Prevention Activities - Mozambique,XHbjOOfrfxD,2009-AWD-047
PRJ - Cervical Cancer - Botswana,z54EP0MwgOc,PRJ - Cervical Cancer - Botswana,xQvgtWHYNyh,,"AWD - Capacity Building through Training and Mentoring for Treatment, Care and Support, including PMTCT, TB HIV, Laoratory, Informatics, and Cervical Cancer in Botswana under PEPFAR",g8VwVYrmFO5,2016-AWD-001
PRJ - Chevron Minas Program - Indonesia,I7kjKx54u2p,PRJ - Chevron Minas Program - Indonesia,eIAqm8lF46o,,"AWD - Strengthening Utilization of Health Services through Effective Community Engagement in Minas Sub district, Siak District, Riau - Indonesia",zUhENMReB4u,2011-AWD-017
PRJ - Chevron Penajam Program - Indonesia,ZZwr8Tpxywe,PRJ - Chevron Penajam Program - Indonesia,tpI6p00y6aC,,"AWD - Strengthening Utilization of Health Services through Effective Community Engagement in Penajam, Subdistrict, Penajam Paser Utara, East Kalimantan Province",O061CSDKmyW,2011-AWD-018
PRJ - CHSD - Tanzania,ZPqe33qtzem,PRJ - CHSD - Tanzania,yS80y4WZGqW,,AWD - USAID Tanzania Comprehensive Health Services Delivery (CHSD): Lake Western Regional Grouping - Tanzania,ldxqmJCXKa3,2017-AWD-012
PRJ - CIFF - Born Healthy - India,FiuNZGtCIRM,PRJ - CIFF - Born Healthy - India,I1DdwUz9Yis,,AWD - Born Healthy - India,qF6npiq9Quq,2017-AWD-045
PRJ - CIFF - Introducing the Safe Childbirth Checklist in Rajasthan - India,DjxQ5jCg67G,PRJ - CIFF - Introducing the Safe Childbirth Checklist in Rajasthan - India,H00rOJAYxWu,,"AWD - The Safe Childbirth Checklist - Rajasthan, India",pD84vUfw1SR,2012-AWD-027
PRJ - CIFF - NBR - Tanzania,fbwzKdqOmZs,PRJ - CIFF - NBR - Tanzania,Iwt4J3At6Qw,,AWD - Scaling Neonatal Resuscitation in Tanzania,j1oXXIoxuLS,2013-AWD-003
PRJ - CIFF - Scaling up the Safe Childbirth Checklist (Phase 2) - India,SEgu0TZUnp4,PRJ - CIFF - Scaling up the Safe Childbirth Checklist (Phase 2) - India,uwkcxqlkbwe,,AWD - Scaling up the Safe Childbirth Checklist in India (Phase 2),KvaVkNORNOO,2016-AWD-066
PRJ - Combine Prevention Program - Swaziland,xMMKDltSsaf,PRJ - Combine Prevention Program - Swaziland,srOkKElmdpa,,AWD - Combined Prevention Program,ankDZHrO0pi,2012-AWD-002
PRJ - Comissao Diocesana de Saude or CDS (Niassa) - Mozambique,bsj0r5XgkRe,PRJ - Comissao Diocesana de Saude or CDS (Niassa) - Mozambique,cSw5DkDLslv,,AWD - Strengthening Safe Hospitals and Clinics in HIV/AIDS Prevention Activities - Mozambique,XHbjOOfrfxD,2009-AWD-047
PRJ - Comprehensive HIV/TB services Adherence and Treatment for Inmates (CHATSI) - Lesotho,OiRjsKCwy34,PRJ - Comprehensive HIV/TB services Adherence and Treatment for Inmates (CHATSI) - Lesotho,Qe8WeCck4ur,,"AWD - CHATSI, Elton John AIDS Foundation",L8uAVzCDD8x,2018-AWD-006
PRJ - ComuSanas (Sofala) - Mozambique,oub2rJ0TnkQ,PRJ - ComuSanas (Sofala) - Mozambique,DOV0Aw6A0fw,,AWD - Strengthening Safe Hospitals and Clinics in HIV/AIDS Prevention Activities - Mozambique,XHbjOOfrfxD,2009-AWD-047
PRJ - Conselho Cristao (Cabo Delgado) - Mozambique,t9lbuUpcGQ1,PRJ - Conselho Cristao (Cabo Delgado) - Mozambique,WGCR0jk8OK2,,AWD - Strengthening Safe Hospitals and Clinics in HIV/AIDS Prevention Activities - Mozambique,XHbjOOfrfxD,2009-AWD-047
PRJ - Conselho Islamico (Niassa) - Mozambique,NSWEC0MY1dO,PRJ - Conselho Islamico (Niassa) - Mozambique,WM64neSYEk5,,AWD - Strengthening Safe Hospitals and Clinics in HIV/AIDS Prevention Activities - Mozambique,XHbjOOfrfxD,2009-AWD-047
"PRJ - Crosscutting in Military Settings: HIV Prevention, Care & Treatment within the Botswana Defense Force - Botswana",kLcKk0inxcG,"PRJ - Crosscutting in Military Settings: HIV Prevention, Care & Treatment within the Botswana Defense Force - Botswana",OlAQ3vsSYxW,,"AWD - Crosscutting in Military Settings: HIV Prevention, Care & Treatment within the Botswana Defense Force - Botswana",VDgxagfNqJL,2019-AWD-034
PRJ - Cross Cutting Military Settings for Care and Treatment Program for PEPFAR - Zambia,jIXqCQS5gSk,PRJ - Cross Cutting Military Settings for Care and Treatment Program for PEPFAR - Zambia,isp7eha1oR7,,AWD - Cross Cutting Military Settings for Care and Treatment Program for PEPFAR - Zambia,l6jvWSxmrIM,2019-AWD-019
PRJ - CSH - Liberia,PMHHI6ikRBm,PRJ - CSH - Liberia,KT2zdAALXsZ,,AWD - Collaborative Support for Health System Strengthening Activity - Liberia,KppKjgU7Clx,2015-AWD-042
PRJ - Defeat Malaria - Myanmar (Burma),asZcsRymdGS,PRJ - Defeat Malaria - Myanmar (Burma),dJSHEM1d8NM,,AWD - Defeat Malaria - Myanmar (Burma),HfiNDitQVIM,2017-AWD-010
PRJ - DFATD - Maternity Centres of Excellence (MCE) - Mozambique,SJpE4UwKSkV,PRJ - DFATD - Maternity Centres of Excellence (MCE) - Mozambique,iWtiC8EfJcZ,,AWD - Support to Model Maternity Initiative,zAdethDgZep,2014-AWD-046
PRJ - DFID - Digital Compass Ethiopia,jFtqdXHC1BS,PRJ - DFID - Digital Compass Ethiopia,JHYJXcf3exd,,AWD - DFID - Digital Compass  Ethiopia,RjFBgZLPPcN,2015-AWD-010
PRJ - DFID II - Strengthening PSE for Nursing-Midwifery Cadre - India,hShOBX5p0RZ,PRJ - DFID II - Strengthening PSE for Nursing-Midwifery Cadre - India,Yhj4G0qtp5V,,AWD - Strengthening Pre-Service Education for the Nursing-Midwifery Cadre in India (DFID II),qEBahyFn9WE,2014-AWD-016
PRJ - DFID I - Strengthening Preservice Education for Nursing and Midwifery Cadre in Bihar - India,vQoMb5IWbc3,PRJ - DFID I - Strengthening Preservice Education for Nursing and Midwifery Cadre in Bihar - India,qvJghFnwenW,,"AWD - Strengthening Pre-Service Education for Nursing and Midwifery Cadre in Bihar, India (DFID I)",JKCtdKpsBJc,2013-AWD-006
PRJ - DOD - 2012-2013 - Zambia,hNnADjwW5Rh,PRJ - DOD - 2012-2013 - Zambia,HLQEavyFyAY,,AWD - Zambia DOD 2012-2013,RSWxIfFlgkY,2013-AWD-017
PRJ - DOD - 2014-2016 - Zambia,KDPTnSwu3YJ,PRJ - DOD - 2014 - 2016 - Zambia,uGrLUCIWyjW,,,,
PRJ - DOD - ART - Mozambique,mfNP3Keozw8,PRJ - DOD - ART - Mozambique,IZYbDiaHWgO,,AWD - DOD Mozambique ART,CTcUpgXBq7e,2016-AWD-068
PRJ - DOD - ENDF - Ethiopia,SELxlM5KfPI,PRJ - DOD - ENDF - Ethiopia,fa8yUP809mX,,AWD - Strengthening HIV/AIDS Prevention within the Ethiopia National Defense Force,Bm7fX7BY8IE,2010-AWD-013
PRJ - DOD - FP/CECAP - Zambia,IFsBvvbOfRk,PRJ - DOD - FP/CECAP - Zambia,BWIxBOySf5P,,AWD - Strengthening Integration of Family Planning and Cervical Cancer Screening with HIV/AIDS Clinical Prevention within the Zambian Defence Force,nrJcXM0gNsF,2014-AWD-040
PRJ - DOD HIV/AIDS Prevention Program (DHAPP) - Zambia,O6r1iU26jxj,PRJ - DOD HIV/AIDS Prevention Program (DHAPP) - Zambia,bmYeqEfHaED,,AWD - Cross Cutting Military Settings for Care and Treatment Program for PEPFAR - Zambia,l6jvWSxmrIM,2019-AWD-019
PRJ - DOD - HIV Prevention - Mozambique,XuQoSU3q52z,PRJ - DOD - HIV Prevention - Mozambique,euI6ynLmRcL,,"AWD - Supporting Acceleration of HIV Prevention within the “Forcas Armada de Defensa de Mocambique""",Wdx8nnGNdDf,2015-AWD-061
PRJ - DOD - Malawi,gcrmez0nds4,PRJ - DOD - Malawi,MTiqiLsnUhr,,AWD - Strengthening HIV/AIDS Clinical Prevention within the Malawi Defense Forces,PcXQtQ5iWZx,2013-AWD-011
PRJ - DOD - May 2009 - Zambia,cOdu63nuurj,PRJ - DOD - May 2009 - Zambia,oMNcGoPGh3y,,AWD - Zambia DOD,MECabR47pWA,2009-AWD-008
PRJ - DOD - Oct 2010 - Zambia,vWa5P2eEbOT,PRJ - DOD - Oct 2010 - Zambia,ogcTqxosqX4,,AWD - Zambia DOD,MECabR47pWA,2009-AWD-008
PRJ - DOD - Preventing HIV/AIDS in foreign militaries - Rwanda,JxY3sjP8fze,PRJ - DOD - Preventing HIV/AIDS in foreign militaries - Rwanda,DCTudqlLT5U,,AWD - Prevention of HIV/AIDS in Foreign Militaries in Rwanda,ag8RN9tXNtZ,2009-AWD-029
PRJ - DOD - VMMC - Malawi,ngmn8xeLBUl,PRJ - DOD - VMMC - Malawi,YzBUX5BzRzc,,AWD - Bring Voluntary Medical Male Circumcision (VMMC) Services to Scale in the Malawi Defense - Malawi,szsk5hyh0EX,2016-AWD-016
PRJ - DOD - VMMC - Namibia,Dqss1KpDmhl,PRJ - DOD - VMMC - Namibia,Ln2apbt0D4O,,AWD - Supporting the Namibian Defense Force to Provide Mobile VMMC Services - Namibia,AKlDj6J0kLb,2014-AWD-052
PRJ - EMAS - Indonesia,gXuu6OuwWiY,PRJ - EMAS - Indonesia,kLo5T6xaDN6,,AWD - Expanding Maternal and Neonatal Survival (EMAS),H2WwMOjF6Af,2012-AWD-004
PRJ - Emergency FP response and relief efforts in disaster affected areas/FP2020 - Nepal,CXugOCVJahb,PRJ - Emergency FP response and relief efforts in disaster affected areas/FP2020 - Nepal,jI12yF7xy3r,,AWD - Emergency FP response and relief efforts in disaster affected areas - Nepal,JYJH0cf4hqJ,2016-AWD-052
PRJ - EMNC - Ethiopia,LxjhGJ19fzG,PRJ - EMNC - Ethiopia,W2tcW3oHVwE,,AWD - IFHP Program in Ethiopia (EMNC sub-agreement),pAl745vmKNK,2011-AWD-003
PRJ - EmONC - Pakistan,XH56t3enZfB,PRJ - EmONC - Pakistan,L1dqyZobR27,,"AWD - Development, Implementation and Validation of an integrated WHO Safe Childbirth Checklist/ MNH Training Package - Pakistan",oIKclKxMoDB,2016-AWD-018
PRJ - Empowerment Voice and Accountability for Better Health and Nutrition (EVA-BHN) - Pakistan,PwVebc0lPmS,PRJ - Empowerment Voice and Accountability for Better Health and Nutrition (EVA-BHN) - Pakistan,UH75qrz4DyV,,AWD - Innovative and Quality Postpartum Family Planning Services in Punjab - Pakistan,boQXw382UBl,2017-AWD-014
PRJ - ENDF VMMC - Ethiopia,aRwxXwI7URj,PRJ - ENDF VMMC - Ethiopia,IIEjfFMGO8G,,AWD - ENDF VMMC - Ethiopia,s25CYL8erbI,2019-AWD-029
PRJ - ENGINE - Ethiopia,BLBpjgFhLAz,PRJ - ENGINE - Ethiopia,ygjQKTey1WA,,AWD - Empowering New Generations to Improve Nutrition and Economic Opportunities in Ethiopia (ENGINE),ahtkzTQGH08,2012-AWD-022
PRJ - ESM-UBT - Tanzania,sUFRQG42b2Q,PRJ - ESM-UBT - Tanzania,w9cneLvaEJn,,AWD - Every Second Matters for Mothers and Babies—Uterine Balloon Tamponade (ESM-UBT) Scale-Up in Tanzania,J7WgDRQ8NcQ,2016-AWD-005
PRJ - Essential Health - Myanmar (Burma),TEc7zBgtR1t,PRJ - Essential Health - Myanmar (Burma),Ccc4UExllut,,AWD - Essential Health - Myanmar (Burma),iPIldIcs230,2018-AWD-009
PRJ - Evaluation of preservice education training - Niger,Nbwdx0RtLDy,PRJ - Evaluation of preservice education training - Niger,mSptzTqeojD,,"AWD - Evaluation of the preservice education training system, focused on clinical training sites - Niger",ztDrdRBgyR5,2014-AWD-006
PRJ - Extending Learning and Performance Improvement Centers to Remote Parts of Rakhine State - Myanmar,ixN9MoRFo0U,PRJ - Extending Learning and Performance Improvement Centers to Remote Parts of Rakhine State - Myanmar,PEJkPzXCRf4,,AWD - Cross Cutting Military Settings for Care and Treatment Program for PEPFAR - Zambia,l6jvWSxmrIM,2019-AWD-019
PRJ - ExxonMobil - Cote d'Ivoire,IoNW7iVajHk,PRJ - ExxonMobil - Cote d'Ivoire,gkWlIJhUAn7,,AWD - ExxonMobil - Cote d'Ivoire,lhFk3sxgK60,2017-AWD-024
PRJ - ExxonMobil - Scaling Up Malaria in Pregnancy - Angola,WH2V12o4SQN,PRJ - ExxonMobil - Scaling Up Malaria in Pregnancy - Angola,jiTSeDQgYGg,,AWD - Demonstrating Malaria in Pregnancy Success - Models in Angola and Nigeria,Q8qDZFkNzVs,2007-AWD-020
PRJ - ExxonMobil - Scaling Up Malaria in Pregnancy - Nigeria,zkUURiOlt8K,PRJ - SCI-VIH - Cote dIvoire,ces9hgRKS4n,,AWD - Demonstrating Malaria in Pregnancy Success - Models in Angola and Nigeria,Q8qDZFkNzVs,2007-AWD-020
PRJ - ExxonMobil - Strengthening Midwifery and Primary Health Care Services in Bojonegoro - Indonesia,Y0WzQkf3H5S,PRJ - ExxonMobil - Strengthening Midwifery and Primary Health Care Services in Bojonegoro - Indonesia,h205Od7G9km,,"AWD - Strengthening Midwifery and Primary Health Care Services in Bojonegoro Regency, East Java Province",gG9UhPYqvIc,2011-AWD-002
PRJ - Family Planning Maternal Newborn and Child Health (FP/MNCH) - Afghanistan,svhbh6n6fYq,PRJ - Family Planning Maternal Newborn and Child Health (FP/MNCH) - Afghanistan,U80YWiM40ho,,"AWD - Family Planning, Maternal, Newborn and Child Health (FP/MNCH)",XFOMS1n0cxt,2015-AWD-029
PRJ - Ford Foundation - RH services to MOH - Indonesia,HhDdcsRxKfz,PRJ - Ford Foundation - RH services to MOH - Indonesia,zvhy2O9ccZo,,AWD - Providing reproductive health services to Indonesian Ministry of Health,OvoNlTP8RlX,2010-AWD-022
PRJ - GAF HIV - Ghana,USTB3FsJFFM,PRJ - GAF HIV - Ghana,ky7I0bTKrg5,,AWD - Supporting the Ghana Armed Forces (GAF) to Provide Quality HIV/AIDS Prevention and Care Services,WT4nrPUsnVt,2013-AWD-018
PRJ - G-Amini - Kenya,pc366W7Uh88,PRJ - G-Amini - Kenya,Va5A9uCWiX3,,AWD - Increasing Young People’s Access to Quality Sexual and Reproductive Health Services in Migori and Madera - Kenya,eBu8tpiy4W8,2016-AWD-064
PRJ - Gates - Accelerating Newborn Survival - Ghana,ytUqfPIhcRr,PRJ - Gates - Accelerating Newborn Survival - Ghana,eObtl7W3RKR,,AWD - Accelerate Neonatal Survival in Project Five Alive! Sites - Ghana,oTqBww0Ltmt,2014-AWD-008
PRJ - Gates - ASI Program - Kenya,dFRo9v6n9Gw,PRJ - Gates - ASI Program - Kenya,pQP6n6f1mBM,,AWD - Accelerating Scale-up of Implants to Expand Access to Long-Acting and Permanent Methods of Family Planning Services,l3Ejd4dzM03,2013-AWD-031
PRJ - Gates - ASI Program - Nigeria,XHg58sP6CEL,PRJ - Gates - ASI Program - Nigeria,Edn24YPpR4A,,AWD - Accelerating Scale-up of Implants to Expand Access to Long-Acting and Permanent Methods of Family Planning Services,l3Ejd4dzM03,2013-AWD-031
PRJ - Gates - ASI Program - Zambia,EgY1D3m0EGI,PRJ - Gates - ASI Program - Zambia,n9R66GoJwh7,,AWD - Accelerating Scale-up of Implants to Expand Access to Long-Acting and Permanent Methods of Family Planning Services,l3Ejd4dzM03,2013-AWD-031
PRJ - Gates - DRC,v26Po78Idgs,PRJ - Gates - DRC,SgMnhZvKI3L,,AWD - Gates - DRC,y2mIKs6Edq1,2017-AWD-034
PRJ - Gates - MC Partnership - Zambia,LQTLPPgPuxK,PRJ - Gates - MC Partnership - Zambia,tGeskbZD5QH,,AWD - Zambia MC Partnership (Gates),chjuuvmGeuD,2009-AWD-019
PRJ - Gates - Scaling-up PPIUCD services in 16 states (Ext) - India,n8oOmT6BjEH,PRJ - Gates - Scaling-up PPIUCD services in 16 states (Ext) - India,BBJqJD7dSnx,,AWD - Scaling-up PPIUCDs in India,vLQFjSRbykK,2011-AWD-014
PRJ - Gates - Strengthening Family Planning Services through a Quality Assurance Model - India,vxuJPHI7VK2,PRJ - Gates - Strengthening Family Planning Services through a Quality Assurance Model - India,r4uvwiiBpKm,,AWD - Strengthening Family Planning Services in India through a Quality Assurance Model - India,HgPGQ1vYcPU,2017-AWD-003
PRJ - Gates - UPTAST - India,vs2Uwfg6UAs,PRJ - Gates - UPTAST - India,spo5yCyqkEr,,AWD - Techno-managerial support to Government of UP to improve health systems platforms - India,TDbMVESQyv2,2017-AWD-051
PRJ - Gateway - Addressing Unmet Need in HIV Testing Services (HTS) through Effective Delivery Models - Malawi,peTHKruMDqD,PRJ - Gateway - Addressing Unmet Need in HIV Testing Services (HTS) through Effective Delivery Models - Malawi,SHC52gMnukA,,AWD - Gateway,aWpon6OsDKD,2017-AWD-039
PRJ - GAVI HPV - India,cVHi7Odds6B,PRJ - GAVI HPV - India,zZcEt0mGAFW,,AWD - Human Papilloma Virus (HPV) Advocacy and Roadmap,Zo4c8AUjmAf,2017-AWD-042
PRJ - GE - EmONC Isingiro District - Uganda,nQ9Vq4v0pIk,PRJ - GE - EmONC Isingiro District - Uganda,WNjJwym5P3H,,"AWD - Improving the Quality of Emergency Obstetric and Newborn Care in Isingiro District, Uganda B",aDauIyYX5g7,2011-AWD-024
PRJ - GE - Improve Maternal Health - Myanmar (Burma),lxMaI4q7FX0,PRJ - GE - Improve Maternal Health - Myanmar (Burma),mbzvEw3hUFC,,AWD - Improving Maternal Health in Myanmar: a Scalable Model,txp3iLGvHE8,2015-AWD-034
PRJ - General Funds - Family Planning - Nepal,c2M6C9MtNsI,PRJ - General Funds - Family Planning - Nepal,Dy5fBBcCzJp,,AWD - Nepal General Funds RH/MCH,ydF3gKYY4dY,2014-AWD-001NP
PRJ - General Funds - GBV - Nepal,rVsjj2BPe1n,PRJ - General Funds - GBV - Nepal,adUnftyrTwX,,AWD - General Funds/GBV - Nepal,u0gpVjnr6iE,2017-AWD-001NP
PRJ - General Funds - Khotla Bophelong bo Botle - Lesotho,e5cvgOEWuvS,PRJ - General Funds - Khotla Bophelong bo Botle - Lesotho,iSStbIGi2U7,,AWD - Khotla Bophelong bo Botle - Lesotho,mfp1fJAXLd6,2016-AWD-001LS
PRJ - GE - Scaling Up - Uganda,FEJuwdXU47L,PRJ - GE - Scaling Up - Uganda,GaYH3lrJOyZ,,AWD - Scaling Up Success: Implementing Evidence-Based Practices to Save Lives of Women and Families in Isingiro District,K4sprY68P3E,2013-AWD-020
PRJ - Global Fund - PMU - Lesotho,jrQ8JNv3e1m,PRJ - Global Fund - PMU - Lesotho,Xs9x6h6gGiz,,AWD - PMU/Global Fund Module 3/4,Ioq11HnEhf0,2017-AWD-052
PRJ - Grand Challenge - Saving Lives at Birth Round II - Pakistan,thp6dblDKNX,PRJ - Grand Challenge - Saving Lives at Birth Round II - Pakistan,TstjByHwTq1,,AWD - Reinvigorating the Postpartum IUD Using a Low-Cost Simulation Model in Pakistan,q92m9GUlm7t,2013-AWD-013
PRJ - Growth through Nutrition (GTN) - Ethiopia,KZ4jmt4xvOw,PRJ - Growth through Nutrition (GTN) - Ethiopia,eoCSGxXSJNL,,AWD - Growth through Nutrition (GTN) (sub with SAVE) - Ethiopia,k9WpsjZZ7tr,2017-AWD-008
PRJ - HANIF - Pakistan,yvAM2yAFRZ7,PRJ - HANIF - Pakistan,W42ltjMiTw9,,AWD - Increasing utilisation of FP services by demonstrating increase in the use of FP in PP period in one district of (Sargodha) Pakistan,xd5ppYoIZdO,2015-AWD-048
PRJ - Health for Life (H4L) - Nepal,b4N1TAZYOXz,PRJ - Health for Life (H4L) - Nepal,yD0cd6Jq2UG,,AWD - Health for Life (H4L),JhxXYiYwK2Q,2013-AWD-021
PRJ - Health Service Delivery Project (HSD) - Guinea,i6hf6uucAZO,PRJ - Health Service Delivery Project (HSD) - Guinea,XArHvK68xgZ,,AWD - Guinea Health Service Delivery Project (HSD),vwIU6H7MRbF,2016-AWD-038
PRJ - Health Workforce for the 21st Century (HW21) - Africa,kuA1i8ZjeRG,PRJ - Health Workforce for the 21st Century (HW21) - Africa,OVUUZRBuzc7,,AWD - Health Workforce for the 21st Century (Global HIV/AIDS Nursing Initiative),eaPRW8mZZus,2018-AWD-014
PRJ - Human Papilloma Virus (HPV) Vaccine Introduction Roadmap - Pakistan,LgM8vtUxqWc,PRJ - Human Papilloma Virus (HPV) Vaccine Introduction Roadmap - Pakistan,M49Ol5kLeYd,,AWD - Human Papilloma Virus (HPV) Advocacy and Roadmap,Zo4c8AUjmAf,2017-AWD-042
PRJ - Igreja Anglicana (Gaza Manica and Tete provinces) - Mozambique,FLQTOyxDYns,PRJ - Igreja Anglicana (Gaza Manica and Tete provinces) - Mozambique,XMbApKDkTj1,,AWD - Strengthening Safe Hospitals and Clinics in HIV/AIDS Prevention Activities - Mozambique,XHbjOOfrfxD,2009-AWD-047
PRJ - Impact Malaria - Cameroon,t1iiMsFu5Ox,PRJ - Impact Malaria - Cameroon,Xd2O1XpEVeD,,AWD - Impact Malaria,srAxGD3ThD3,2018-AWD-024
PRJ - Impact Malaria - Cote DIvoire,v18eWdfmHwj,PRJ - Impact Malaria - Cote DIvoire,OQMCrjijdcb,,AWD - Impact Malaria,srAxGD3ThD3,2018-AWD-024
PRJ - Impact Malaria - Ghana,HbXqRpex5yf,PRJ - Impact Malaria - Ghana,ckfO3rWQJvx,,AWD - Impact Malaria,srAxGD3ThD3,2018-AWD-024
PRJ - Impact Malaria - Kenya,QRPezsSLvJW,PRJ - Impact Malaria - Kenya,qglqimVuSGD,,AWD - Impact Malaria,srAxGD3ThD3,2018-AWD-024
PRJ - Impact Malaria - Mali,KJY2WYxWs1P,PRJ - Impact Malaria - Mali,lcDv0ms37hb,,AWD - Impact Malaria,srAxGD3ThD3,2018-AWD-024
PRJ - Impact Malaria - Niger,afIa8rk5XV0,PRJ - Impact Malaria - Niger,R76DSaBXDRH,,AWD - Impact Malaria,srAxGD3ThD3,2018-AWD-024
PRJ - Impact Malaria - Sierra Leone,zsbCHveTm2f,PRJ - Impact Malaria - Sierra Leone,TfsDA9N2KpR,,AWD - Impact Malaria,srAxGD3ThD3,2018-AWD-024
PRJ - Implant Removals - Uganda,JiBeCjQV1pu,PRJ - Implant Removals - Uganda,ytrHWgUsgw8,,AWD - Identifying best practices to ensure access to quality implant removal services - Uganda,SO8IDq6OQ4L,2016-AWD-027
PRJ - Improved Quality of Care for Mothers and Newborn Babies - Nepal,TabIluyutxL,PRJ - Improved Quality of Care for Mothers and Newborn Babies - Nepal,y680yJI4iQA,,AWD - Improved quality of medical care especially for mothers and newly born within the Nepali-German Health Sector Support Programe,XywqAscKon6,2015-AWD-001
PRJ - Improving Access to Human Papillomavirus Vaccination (HPV) and Second Dose of Measles Vaccination - Ethiopia,y4uyYJVf8Lf,PRJ - Improving Access to Human Papillomavirus Vaccination (HPV) and Second Dose of Measles Vaccination - Ethiopia,B2xD7Dawukx,,AWD - Human Papilloma Virus (HPV) Advocacy and Roadmap,Zo4c8AUjmAf,2017-AWD-042
PRJ - Improving Access to PPFP Services Taking Efforts to Scale - Benin,y5P1u3zVTIC,PRJ - Improving Access to PPFP Services Taking Efforts to Scale - Benin,t5QiUzKvMG8,,AWD - Improving Access to Postpartum Family Planning Services in West Africa: Taking Efforts to Scale - West Africa,nU0ZrtfTjMK,2017-AWD-007
PRJ - Improving Access to PPFP Services Taking Efforts to Scale - Togo,XDJ4cWtINuW,PRJ - Improving Access to PPFP Services Taking Efforts to Scale - Togo,NCOunbGRirY,,AWD - Improving Access to Postpartum Family Planning Services in West Africa: Taking Efforts to Scale - West Africa,nU0ZrtfTjMK,2017-AWD-007
PRJ - Improving Malaria Care - Burkina Faso,gRyJ4OpGIoo,PRJ - Improving Malaria Care - Burkina Faso,gmJ7t6CXsV8,,AWD - Improving Malaria Care,eAfvbbU4TZN,2014-AWD-022
PRJ - Improving MNHC - Equatorial Guinea,dlXmwALf7i2,PRJ - Improving MNHC - Equatorial Guinea,OSc0rl443Zo,,AWD - Improving Maternal and Newborn Health Care in Equatorial Guinea,qENeb9qCKJf,2009-AWD-033
PRJ - Improving the Quality of Malaria Control Services - Cameroon,l98EaSSa0xt,PRJ - Improving the Quality of Malaria Control Services - Cameroon,XoMRnJI9ZbK,,AWD - Improving the Quality of Malaria Control Services in Chad and Cameroon,IcLmcEizG9i,2012-AWD-012
PRJ - Improving the Quality of Malaria Control Services - Chad,hIhjTS8Ifre,PRJ - Improving the Quality of Malaria Control Services - Chad,Za3lwpN59iq,,AWD - Improving the Quality of Malaria Control Services in Chad and Cameroon,IcLmcEizG9i,2012-AWD-012
PRJ - Irmas Franciscanas (Maputo-province and Zambezia) - Mozambique,BtmYtXq15wD,PRJ - Irmas Franciscanas (Maputo-province and Zambezia) - Mozambique,MOZEh1dira7,,AWD - Strengthening Safe Hospitals and Clinics in HIV/AIDS Prevention Activities - Mozambique,XHbjOOfrfxD,2009-AWD-047
PRJ - Izumi Foundation - Fighting Cervical Cancer - Burkina Faso,MHCrz96UZYI,PRJ - Izumi Foundation - Fighting Cervical Cancer - Burkina Faso,qdMndfDLPwY,,AWD - Fighting Cervical Cancer to Improve Women's Health in Burkina Faso: (Extension - Izumi fighting cervical cancer - 2nd contract),Onze66Ph0Oi,2011-AWD-001
"PRJ - Jhpiego - Breast Health Initiative-UP, Jharkhand - India",s714JUWoEN8,"PRJ - Jhpiego - Breast Health Initiative-UP, Jharkhand - India",XhHsJAL60Ns,,AWD - Breast Health Initiative in India with Tata Memorial Hospital - India,HmdSUoDzP7z,2018-AWD-001-IN
PRJ - Jhpiego - CCT for GDM T2DM and HTN - India,cuhq4VGW6ru,PRJ - Jhpiego - CCT for GDM T2DM and HTN - India,Jsh1vO6JEVI,,AWD - Development of Clinical Care Teams for Gestational Diabetes Mellitus and Adults with Type II Diabetes in Madhya Pradesh - India,qiXziP4AGbq,2016-AWD-001IN
PRJ - Jhpiego Performance Indicators - Coverage Epi Context Impact Service and Quality - Global,Fq6hrx5hDQ6,PRJ - Jhpiego Performance Indicators - Coverage Epi Context Impact Service and Quality - Global,AVS1eAbgejk,,,,
PRJ - JJ - Couple-focused birth preparedness and complication readiness in Maputo province - Mozambique,Nx1OH6mcANC,PRJ - Jhpiego Performance Indicators - Coverage Epi Context Impact Service and Quality - Global,AVS1eAbgejk,,,,
PRJ - KOICA - Liberia,QpjOoRzkkut,PRJ - KOICA - Liberia,hjZaZ4wtGYO,,AWD - Medical Equipment Donation for Ebola Response in Liberia,cTNxTbH7kBx,2016-AWD-041
PRJ - LAD - Expanding Access to IUD Services - India,VQBJvnMIPMz,PRJ - LAD - Expanding Access to IUD Services - India,vrQp5AOxfEY,,AWD - Expanding Access to IUD Services in India,jZiQ1ui8l8e,2014-AWD-055
PRJ - Leveraging Mobile Technology to Save Lives - Indonesia,sj6FZCe6mjB,PRJ - Leveraging Mobile Technology to Save Lives - Indonesia,LyHb2MDPmDu,,AWD - mHealth Intervention with EMAS,B73krtHi2Su,2013-AWD-038
PRJ - LOCATE - Nigeria,WLyj6WrTPaM,PRJ - LOCATE - Nigeria,qNt8nTJrPPP,,AWD - Local Capacity Enhancement (LOCATE) Project,GZE8QgshbJa,2014-AWD-013
PRJ - MacArthur 2 - Improving Maternal Health in Haryana and Maharashtra - India,SdAVbhlTgm5,PRJ - MacArthur 2 - Improving Maternal Health in Haryana and Maharashtra - India,VBrjr5Yw31B,,"AWD - EXT MacArthur2: Improving Quality of Intrapartum and Immediate Postpartum Care in Mahrashtra and Haryana, MacArthur1: Improving Quality of Intrapartum and Immediate Postpartum Care in Mumbai",m0rp07J3bKH,EXT 2014 -AWD-060 2013-AWD-008
PRJ - MacArthur - Mac2 - Nigeria,G0ZQbGzMSMb,PRJ - MacArthur - Mac2 - Nigeria,Vk3b29W5DKh,,AWD - Macarthur Foundation - Laying the Foundation for Implementation of the National Policy on Task Shifting for Community Health Extension Workers - Nigeria,IMeGzVVTGfy,2016-AWD-043
PRJ - MacArthur - Strengthening the Quality of Maternal Health Services in Two States - India,SMS5suUNfOB,PRJ - MacArthur - Strengthening the Quality of Maternal Health Services in Two States - India,kzJCyRRuY0o,,AWD - Strengthening the Quality of Maternal Health Services in  Two States - India,g2i4RQ2yXg4,2016-AWD-042
PRJ - MacArthur - Task Shifting - Nigeria,s1WSWskg4UC,PRJ - MacArthur - Task Shifting - Nigeria,jT4yOaX1zPQ,,AWD - Strengthening CHEWs to Save Lives: Task Shifting and Sharing of BEmONC in Nigeria,gV3fNSDnYiA,2013-AWD-009
PRJ - MAISHA - CECAP - Tanzania,D0EW9MPYghb,PRJ - MAISHA - CECAP - Tanzania,VUwPfjFozOH,,"AWD - Mothers and Infants, Safe Healthy Alive - (MAISHA)",kWFhNXU6xZp,2009-AWD-005
PRJ - MAISHA - PMTCT - Tanzania,o8I0g8m4y4L,PRJ - MAISHA - PMTCT - Tanzania,IfYWpISFFvo,,"AWD - Mothers and Infants, Safe Healthy Alive - (MAISHA)",kWFhNXU6xZp,2009-AWD-005
PRJ - MAISHA - Program Sites - Tanzania,bwq5qL9KWmW,PRJ - MAISHA - Program Sites - Tanzania,wrrntUP6U6U,,"AWD - Mothers and Infants, Safe Healthy Alive - (MAISHA)",kWFhNXU6xZp,2009-AWD-005
PRJ - MAISHA Quality of Care Study - Tanzania,VRTNWxLerCt,PRJ - MAISHA Quality of Care Study - Tanzania,MqtG6qIfL89,,"AWD - Mothers and Infants, Safe Healthy Alive - (MAISHA)",kWFhNXU6xZp,2009-AWD-005
PRJ - MAISHA - Tanzania,LpZcdcI0yvc,PRJ - MAISHA - Tanzania,Vutd1aWp3Be,,"AWD - Mothers and Infants, Safe Healthy Alive - (MAISHA)",kWFhNXU6xZp,2009-AWD-005
PRJ - Malaria Action Program for Districts (MAPD) - Uganda,NJaIgBmZA3r,PRJ - Malaria Action Program for Districts (MAPD) - Uganda,BysxodVEodr,,AWD - MAPD (Malaria Action Program for Districts) - Uganda,z8V7lfoODDI,2017-AWD-021
PRJ - MaMoni - MNCSP - Bangladesh,W1FlHA78Xab,PRJ - MaMoni - MNCSP - Bangladesh,O9Vpza70EHa,,AWD - MaMoni Maternal and Newborn Care Strengthening Project,FvJQslmWd11,2018-AWD-046
PRJ - MBM - RTZ - Tanzania,gujA6D0dbSv,PRJ - MBM - RTZ - Tanzania,j0tkV9gTnUf,,,,
PRJ - MCHIP AA - Integrated Service Delivery Project - South Sudan,rmIMq3hS4BC,PRJ - MCHIP AA - Integrated Service Delivery Project - South Sudan,mbmsm9kJM6m,,AWD - MCHIP Associate Award: USAID/South Sudan Integrated Service Delivery Project,gwQjSxZHmBz,2012-AWD-037
PRJ - MCHIP AA - MNCH Services Project Component 2 - Pakistan,TXcWmOm67AH,PRJ - MCHIP AA - MNCH Services Project Component 2 - Pakistan,UQHanhEm3Mp,,AWD - MCHIP Associate Award: Maternal Newborn and Child Health Services Project in Sindh,XOsJANevH7x,2013-AWD-025
PRJ - MCHIP AA - Mozambique,Zfq9NDkdROV,PRJ - MCHIP AA - Mozambique,IpY7kIOBaDp,,AWD - MCHIP Associate Award: USAID/South Sudan Integrated Service Delivery Project,gwQjSxZHmBz,2012-AWD-037
PRJ - MCHIP AA - Sankhani Moyenela - Malawi,RH3mZI37nST,PRJ - MCHIP AA - Sankhani Moyenela - Malawi,Ui4iD0SHLJ6,,AWD - MCHIP Associate Award: Malawi VMMC,vblJdLn66oZ,2014-AWD-004
PRJ - MCHIP - Bangladesh,Aw1IRB6Q3MU,PRJ - MCHIP - Bangladesh,oGuSFxbXDJP,,AWD - Maternal Child Health Integrated Program - (MCHIP),Nq5ki9cWLos,2009-AWD-010
PRJ - MCHIP - Bolivia,yoKvzzn023f,PRJ - MCHIP - Bolivia,ZBZHJHu58ki,,AWD - Maternal Child Health Integrated Program - (MCHIP),Nq5ki9cWLos,2009-AWD-010
PRJ - MCHIP - Burkina Faso,nw6nmvwX0WZ,PRJ - MCHIP - Burkina Faso,Ry1HrGA1AXt,,AWD - Maternal Child Health Integrated Program - (MCHIP),Nq5ki9cWLos,2009-AWD-010
PRJ - MCHIP - Democratic Republic of the Congo,tPpVtiEoHlz,PRJ - MCHIP - Democratic Republic of the Congo,LPIiLa5l6m4,,AWD - Maternal Child Health Integrated Program - (MCHIP),Nq5ki9cWLos,2009-AWD-010
PRJ - MCHIP - Dominican Republic,rP51yXoh35V,PRJ - MCHIP - Dominican Republic,GEJcXcf2aic,,AWD - Maternal Child Health Integrated Program - (MCHIP),Nq5ki9cWLos,2009-AWD-010
PRJ - MCHIP - Ethiopia,JzYnpX08dNc,PRJ - MCHIP - Ethiopia,OMFoXDhWAyF,,AWD - Maternal Child Health Integrated Program - (MCHIP),Nq5ki9cWLos,2009-AWD-010
PRJ - MCHIP - Ghana,iOCXAUzt9nK,PRJ - MCHIP - Ghana,wePH7DGXhSj,,AWD - Maternal Child Health Integrated Program - (MCHIP),Nq5ki9cWLos,2009-AWD-010
PRJ - MCHIP - Global,XyY8ni9bRBD,PRJ - MCHIP - Global,oD668sYqzO8,,AWD - Maternal Child Health Integrated Program - (MCHIP),Nq5ki9cWLos,2009-AWD-010
PRJ - MCHIP - Guinea,vCYl8wQRm0W,PRJ - MCHIP - Guinea,GDExxGgb48c,,AWD - Maternal Child Health Integrated Program - (MCHIP),Nq5ki9cWLos,2009-AWD-010
PRJ - MCHIP - Guyana,TDDMtO8UTor,PRJ - MCHIP - Guyana,lZfv7re8PCB,,AWD - Maternal Child Health Integrated Program - (MCHIP),Nq5ki9cWLos,2009-AWD-010
PRJ - MCHIP - Healthy Fertility Study - Bangladesh,RAIJe6ftvfm,PRJ - MCHIP - Healthy Fertility Study - Bangladesh,WiNAZGESIoR,,AWD - Maternal Child Health Integrated Program - (MCHIP),Nq5ki9cWLos,2009-AWD-010
PRJ - MCHIP - India,TIpG190nRIM,PRJ - MCHIP - India,eSgkkHFsGJD,,AWD - Maternal Child Health Integrated Program - (MCHIP),Nq5ki9cWLos,2009-AWD-010
PRJ - MCHIP - Indonesia,bkASUuH6X6y,PRJ - MCHIP - Indonesia,K0OvpCQYDOH,,AWD - Maternal Child Health Integrated Program - (MCHIP),Nq5ki9cWLos,2009-AWD-010
PRJ - MCHIP - Kenya,bZjOKHT45mX,PRJ - MCHIP - Kenya,SfKqES1KMZ9,,AWD - Maternal Child Health Integrated Program - (MCHIP),Nq5ki9cWLos,2009-AWD-010
PRJ - MCHIP - Lesotho,fUpzhsE010g,PRJ - MCHIP - Lesotho,jbBNXoFzRxP,,AWD - Maternal Child Health Integrated Program - (MCHIP),Nq5ki9cWLos,2009-AWD-010
PRJ - MCHIP - Liberia,XKpS35Ytz9J,PRJ - MCHIP - Liberia,ZoOU8AX3ltY,,AWD - Maternal Child Health Integrated Program - (MCHIP),Nq5ki9cWLos,2009-AWD-010
PRJ - MCHIP - Madagascar,kaUiBEtHkHc,PRJ - MCHIP - Madagascar,kPAa7iqz5s8,,AWD - Maternal Child Health Integrated Program - (MCHIP),Nq5ki9cWLos,2009-AWD-010
PRJ - MCHIP - Mali,wk4f3MreLTq,PRJ - MCHIP - Mali,p84CtshKdgV,,AWD - Maternal Child Health Integrated Program - (MCHIP),Nq5ki9cWLos,2009-AWD-010
PRJ - MCHIP - MaMoni - FIVDB - Bangladesh,EzCTcy7fNoH,PRJ - MCHIP - MaMoni - FIVDB - Bangladesh,tIeudzij0Ni,,"AWD - MAMONI - Integrated Safe Motherhood, Newborn Care and Family Planning Program",uDw7PCeEM19,2010-AWD-001
PRJ - MCHIP - MaMoni - Integrated Safe Motherhood Newborn Care and Family Planning Project - Bangladesh,VmDbS6ECBdm,PRJ - MCHIP - MaMoni - Integrated Safe Motherhood Newborn Care and Family Planning Project - Bangladesh,O4tgqHEUh4D,,"AWD - MAMONI - Integrated Safe Motherhood, Newborn Care and Family Planning Program",uDw7PCeEM19,2010-AWD-001
PRJ - MCHIP - MaMoni - SHIMANTIK - Bangladesh,tH1xGLUEJaG,zDel - PRJ - MCHIP - Bangladesh - MaMoni - SHIMANTIK,cfYbf44NwtX,,"AWD - MAMONI - Integrated Safe Motherhood, Newborn Care and Family Planning Program",uDw7PCeEM19,2010-AWD-001
PRJ - MCHIP - Nepal,x5tTRMmNBcK,PRJ - MCHIP - Nepal,aEXdfqiPXet,,AWD - Maternal Child Health Integrated Program - (MCHIP),Nq5ki9cWLos,2009-AWD-010
PRJ - MCHIP - Nigeria,RIa98UEByL8,PRJ - MCHIP - Nigeria,dIoBBuJYyYN,,AWD - Maternal Child Health Integrated Program - (MCHIP),Nq5ki9cWLos,2009-AWD-010
PRJ - MCHIP - Paraguay,do8SWw7XaR9,PRJ - MCHIP - Paraguay,IDICwxF9mPh,,AWD - Maternal Child Health Integrated Program - (MCHIP),Nq5ki9cWLos,2009-AWD-010
PRJ - MCHIP - Philippines,UnAXCAZCm2f,PRJ - MCHIP - Philippines,mbltqkswv7g,,AWD - Maternal Child Health Integrated Program - (MCHIP),Nq5ki9cWLos,2009-AWD-010
PRJ - MCHIP - Rwanda,pmsDyc8uJHa,PRJ - MCHIP - Rwanda,MM8BLn3XBj3,,AWD - Maternal Child Health Integrated Program - (MCHIP),Nq5ki9cWLos,2009-AWD-010
PRJ - MCHIP - South Africa,M0yibZo75ik,PRJ - MCHIP - South Africa,jDNuRoh6UmV,,AWD - Maternal Child Health Integrated Program - (MCHIP),Nq5ki9cWLos,2009-AWD-010
PRJ - MCHIP - Swaziland,BC6ReP9ziTl,PRJ - MCHIP - Swaziland,NNHDgJJYLN2,,AWD - Maternal Child Health Integrated Program - (MCHIP),Nq5ki9cWLos,2009-AWD-010
PRJ - MCHIP - Timor-Leste,Pcd9grrZYRH,PRJ - MCHIP - Timor-Leste,eRVWtKR45Zd,,AWD - Maternal Child Health Integrated Program - (MCHIP),Nq5ki9cWLos,2009-AWD-010
PRJ - MCHIP - Uganda,OI7slxCvkhQ,PRJ - MCHIP - Uganda,GXgybr3wkt7,,AWD - Maternal Child Health Integrated Program - (MCHIP),Nq5ki9cWLos,2009-AWD-010
PRJ - MCHIP - VMMC - Malawi,TTgjSfTBU55,PRJ - MCHIP - VMMC - Malawi,LvYbtyKMlKG,,AWD - Maternal Child Health Integrated Program - (MCHIP),Nq5ki9cWLos,2009-AWD-010
PRJ - MCHIP - VMMC - Tanzania,MSGZDfRnmKX,PRJ - MCHIP - VMMC - Tanzania,oYt3UO8YVCq,,,,
PRJ - MCHIP - Zimbabwe,ckMmOOi6OmR,PRJ - MCHIP - Zimbabwe,zimBBhDDOfd,,AWD - Maternal Child Health Integrated Program - (MCHIP),Nq5ki9cWLos,2009-AWD-010
PRJ - MCSP - AFPP - Pakistan,BFA9nE4DnX6,PRJ - MCSP - AFPP - Pakistan,H4WKUmTi6Mr,,AWD - MCSP,p8449uI7Fym,2014-AWD-044
PRJ - MCSP - AYH - India,XlKPctqPZoD,PRJ - MCSP - AYH - India,mB66KgASwy5,,AWD - MCSP,p8449uI7Fym,2014-AWD-044
PRJ - MCSP - BeMONC - Ethiopia,ORLGCLRQ2pu,PRJ - MCSP - BeMONC - Ethiopia,RYn8z6I5U6J,,AWD - MCSP,p8449uI7Fym,2014-AWD-044
PRJ - MCSP - Bridge - Mozambique,uAN8sKff5AG,PRJ - MCSP - Bridge - Mozambique,QcQnBN1ni6l,,AWD - MCSP,p8449uI7Fym,2014-AWD-044
PRJ - MCSP - Burkina Faso,VfAG3wRgEem,PRJ - MCSP - Burkina Faso,N1qntBGXXnJ,,AWD - MCSP,p8449uI7Fym,2014-AWD-044
PRJ - MCSP - CBNC - Ethiopia,eDQ7HK7wsoi,PRJ - MCSP - CBNC - Ethiopia,thwq9WxUK9C,,AWD - MCSP,p8449uI7Fym,2014-AWD-044
PRJ - MCSP - DRC,VtL4acZHhzV,PRJ - MCSP - DRC,K5WLgg8uNlM,,,,
PRJ - MCSP - ECD - Ghana,oJ9SnqRUYpL,PRJ - MCSP - ECD - Ghana,vCzwgO6SrvN,,AWD - MCSP,p8449uI7Fym,2014-AWD-044
PRJ - MCSP - Egypt,M2JyxlBXaDk,PRJ - MCSP - Egypt,icHmjuAnBWa,,,,
PRJ - MCSP - EMS - Liberia,oP9ImKk2tTn,PRJ - MCSP - EMS - Liberia,jr1GYDbQ30G,,AWD - MCSP,p8449uI7Fym,2014-AWD-044
PRJ - MCSP - FP - India,dJYxYuQrNoL,PRJ - MCSP - FP - India,LCCRFsDzziG,,AWD - MCSP,p8449uI7Fym,2014-AWD-044
PRJ - MCSP - Guatemala,zv39tz1Y0GE,PRJ - MCSP - Guatemala,p7IE55YOcer,,AWD - MCSP,p8449uI7Fym,2014-AWD-044
PRJ - MCSP - Healthy Cities - India,eJ19Zkx6yzK,PRJ - MCSP - Healthy Cities - India,Bpnxh1zDO99,,AWD - MCSP,p8449uI7Fym,2014-AWD-044
PRJ - MCSP - HRH - India,xidEWrvaf9G,PRJ - MCSP - HRH - India,tDxKYvGiNJe,,AWD - MCSP,p8449uI7Fym,2014-AWD-044
PRJ - MCSP - HRH - Liberia,AbkzIpoPnn9,PRJ - MCSP - HRH - Liberia,LexnWzfxmAt,,AWD - MCSP,p8449uI7Fym,2014-AWD-044
PRJ - MCSP - HSS - Guinea,l8O4H0h5WLX,PRJ - MCSP - HSS - Guinea,uz4fGSplIKu,,AWD - MCSP,p8449uI7Fym,2014-AWD-044
PRJ - MCSP - HTS - Nigeria,IsgqzoFtqN4,PRJ - MCSP - HTS - Nigeria,ZdlqTGUSEcz,,AWD - MCSP,p8449uI7Fym,2014-AWD-044
PRJ - MCSP - IPC2 - Guinea,DLwTLrZsyM6,PRJ - MCSP - IPC2 - Guinea,rDWSiWrtWXL,,AWD - MCSP,p8449uI7Fym,2014-AWD-044
PRJ - MCSP - IPC - Ghana,m0zNWhUfqUR,PRJ - MCSP - IPC - Ghana,b2OiqxEoBNr,,AWD - MCSP,p8449uI7Fym,2014-AWD-044
PRJ - MCSP - IPC - Guinea,aMtvcjRYL3i,PRJ - MCSP - IPC - Guinea,e0qDpuACeNk,,AWD - MCSP,p8449uI7Fym,2014-AWD-044
PRJ - MCSP - Kenya,Ih1e3iec8Gx,PRJ - MCSP - Kenya,r3EeBZGJ5KY,,,,
PRJ - MCSP - Laos,mE6iGjx85S9,PRJ - MCSP - Laos,gjaPOfxb1uc,,AWD - MCSP,p8449uI7Fym,2014-AWD-044
PRJ - MCSP - Madagascar,SRa1p0wXFAK,PRJ - MCSP - Madagascar,EVzijwwt5HD,,,,
PRJ - MCSP - Malaria - Mozambique,mJTPpbAXmnp,PRJ - MCSP - Malaria - Mozambique,KOMzAjvuhlM,,AWD - MCSP,p8449uI7Fym,2014-AWD-044
PRJ - MCSP - Malawi,gicurfpA9Yg,PRJ - MCSP - Malawi,OZGf0AR9WBD,,AWD - MCSP,p8449uI7Fym,2014-AWD-044
PRJ - MCSP - Mali,RiQFvbZtWFL,PRJ - MCSP - Mali,YkNrJrASrJz,,,,
PRJ - MCSP - MAMA - Nigeria,NgChXzkGTjq,PRJ - MCSP - MAMA - Nigeria,o8RP6eGp2vn,,AWD - MCSP,p8449uI7Fym,2014-AWD-044
PRJ - MCSP - MCH/GBV - Guinea,b0wKwUKEG5L,PRJ - MCSP - MCH/GBV - Guinea,TySqe2eNh77,,AWD - MCSP,p8449uI7Fym,2014-AWD-044
PRJ - MCSP - Myanmar (Burma),tIZYMbu1jTg,PRJ - MCSP - Myanmar (Burma),o4lGBP2IYsf,,,,
PRJ - MCSP - Namibia,iheCBqrCZGr,,,,AWD - MCSP,p8449uI7Fym,2014-AWD-044
PRJ - MCSP - Nepal,nJs471CigRd,PRJ - MCSP - Nepal,lGwNw3YBAYn,,AWD - MCSP,p8449uI7Fym,2014-AWD-044
PRJ - MCSP - PCMD - Mozambique,jUF1uwdqFcB,PRJ - MCSP - PCMD - Mozambique,fVyuY88WmMj,,AWD - MCSP,p8449uI7Fym,2014-AWD-044
PRJ - MCSP - Polio - Nigeria,ZfLiW8FVKVp,PRJ - MCSP - Polio - Nigeria,Y8Oc9TsXjUy,,AWD - MCSP,p8449uI7Fym,2014-AWD-044
PRJ - MCSP - PSE/CHPs - Ghana,wtF8nHhddTW,PRJ - MCSP - PSE/CHPs - Ghana,rttshN0AC6T,,,,
PRJ - MCSP - Restoration Services - Guinea,EXmSmDzXJOn,PRJ - MCSP - Restoration Services - Guinea,aLJl8MrxZFo,,AWD - MCSP,p8449uI7Fym,2014-AWD-044
PRJ - MCSP - RHS - Liberia,dBkeROns2Ux,PRJ - MCSP - RHS - Liberia,RCDWTwR4DYo,,AWD - MCSP,p8449uI7Fym,2014-AWD-044
PRJ - MCSP - RMNCH - Nigeria,fYyM3hO1FyY,PRJ - MCSP - RMNCH - Nigeria,ngggQlQxqfo,,AWD - MCSP,p8449uI7Fym,2014-AWD-044
PRJ - MCSP - RMNCH - Zambia,tDjGYLhAtXx,PRJ - MCSP - RMNCH - Zambia,kWYTmeAaYVP,,AWD - MCSP,p8449uI7Fym,2014-AWD-044
PRJ - MCSP - Routine Immunization - Nigeria,iQVcQqUjcyb,PRJ - MCSP - Routine Immunization - Nigeria,UqdQYS3f4Cc,,AWD - MCSP,p8449uI7Fym,2014-AWD-044
PRJ - MCSP - Rwanda,kiyPkyg7EfV,PRJ - MCSP - Rwanda,KfHlymY7HKe,,AWD - MCSP,p8449uI7Fym,2014-AWD-044
PRJ - MCSP - Social Marketing - Haiti,pK14h6Fi1ty,PRJ - MCSP - Social Marketing - Haiti,A3ZKkTo1bjL,,AWD - MCSP,p8449uI7Fym,2014-AWD-044
PRJ - MCSP - South Africa,Pj3nGol93k7,,,,AWD - MCSP,p8449uI7Fym,2014-AWD-044
PRJ - MCSP - SSQH - Haiti,DNhieK8grFG,PRJ - MCSP - SSQH - Haiti,L46kyhKylPE,,,,
PRJ - MCSP - Tanzania,EmMpAmMbONb,PRJ - MCSP - Tanzania,OiOKxHHWbHD,,,,
PRJ - MCSP - Uganda,vSaVnke5SPR,PRJ - MCSP - Uganda,EG1aYgUxEaz,,,,
PRJ - MCSP - Zambia,Zr0Ffk9LwRJ,PRJ - MCSP - Zambia,e8ZycVC225w,,,,
PRJ - MCSP - Zika - Barbados,XTGrsGFFrHH,PRJ - MCSP - Zika - Barbados,ksPzCJb6PWZ,,AWD - MCSP,p8449uI7Fym,2014-AWD-044
PRJ - MCSP - Zika - Grenada,OuzSKneOXhZ,PRJ - MCSP - Zika - Grenada,paJA78TUJmR,,AWD - MCSP,p8449uI7Fym,2014-AWD-044
PRJ - MCSP - Zika - Guyana,o3ZoK3WLvIa,PRJ - MCSP - Zika - Guyana,j50yNFX11tx,,AWD - MCSP,p8449uI7Fym,2014-AWD-044
PRJ - MCSP - Zika - St. Lucia,a6dwuw8ESQg,PRJ - MCSP - Zika - St. Lucia,LnjKYFhtjS5,,AWD - MCSP,p8449uI7Fym,2014-AWD-044
PRJ - MCSP - Zika - Trinidad and Tobago,HJqZ5dFcoHM,PRJ - MCSP - Zika - Trinidad and Tobago,C3eeUc7y8ME,,AWD - MCSP,p8449uI7Fym,2014-AWD-044
PRJ - Merck - India,DBxMb4FF1We,PRJ - Merck - India,jkaEUykjaEY,,AWD - Leveraging Private Enterprise to Improve Maternal Health and Family Planning in India,YQZvBMr41lV,2013-AWD-033
PRJ - Merck - Myanmar (Burma),owKb1sOpY6E,PRJ - Merck - Myanmar (Burma),fLLBmXMebjn,,AWD - Strengthening Effective Education for Health Workers to Accelerate Development of Myanmar’s Health Systems and Prevent Maternal and Newborn Deaths,b4OnDHymthl,2014-AWD-039
PRJ - Merck - Scaling up a National Quality Certification Model for Private Maternity Care (Manyata III) - India,s1KR22sLqJ9,PRJ - Merck - Scaling up a National Quality Certification Model for Private Maternity Care (Manyata III) - India,k0htERPIaBa,,AWD - Sustaining Quality Assurance Accreditation in India's Private Sector - India,Yc1Uj5w3whn,2017-AWD-020
PRJ - Merck - Sustaining Quality Assurance Accreditation in Private Sector - India,QniAaojyRRh,PRJ - Merck - Sustaining Quality Assurance Accreditation in Private Sector - India,CAQL3lCHkcd,,AWD - Sustaining Quality Assurance Accreditation in India's Private Sector - India,Yc1Uj5w3whn,2017-AWD-020
PRJ - MindanaoHealth - Philippines,vMo00RS4axc,PRJ - MindanaoHealth - Philippines,iz7Nc7zSXO4,,"AWD - Integrated Maternal, Neonatal, Child Health Nutrition/Family Planning Regional Projects in Luzon, Visayas and Mindanao",rqqoFSc4Nh8,2013-AWD-028
PRJ - More and Better Midwives for Rural Tanzania,xyskFptO5zv,,,,,,
PRJ - Mozal - Mozambique,MqgTkrnm43O,PRJ - Mozal - Mozambique,pgtuhRhgLI7,,AWD - Mozambique Mozal Charitable Donation,TsNcYn94EVS,2015-AWD-015
PRJ - MSPP/PEPFAR Project Management for HIV/AIDS in 3 Hospitals - Haiti,bpsG7aXipli,PRJ - MSPP/PEPFAR Project Management for HIV/AIDS in 3 Hospitals - Haiti,qbCIKsPLvr3,,AWD - MSPP/PEPFAR Project Management for HIV/AIDS in 3 Hospitals,T9vbkQ0cfSR,2011-AWD-007
PRJ - MyChoice - Indonesia,RuP4qYopLYW,PRJ - MyChoice - Indonesia,aweJv5lzyab,,AWD - Rapidly Expand Access to FP in selected districts - Indonesia,KkEQGBoBCGX,2015-AWD-021
PRJ - NIPI III - Partnership to Scale - India,Brd35xNhjrW,PRJ - NIPI III - Partnership to Scale - India,Cnw4476NemY,,AWD - Norway India Partnership to Scale,YQcOQPd8EuU,2018-AWD-038
PRJ - NIPI II - Maternal Newborn Health - India,gs7fzCbPjZN,PRJ - NIPI II - Maternal Newborn Health - India,fsyA8D6k9S1,,AWD - Strengthening Preservice Nursing Education and Promoting Healthy Spacing of Pregnancy for Improved Maternal and Newborn Child Health (NIPI II),V23e9xbxrBa,2013-AWD-027
PRJ - NIPI II - PPFP - India,uYnvD7H6ZEE,PRJ - NIPI II - PPFP - India,gHGF0aTTYgn,,AWD - Strengthening Preservice Nursing Education and Promoting Healthy Spacing of Pregnancy for Improved Maternal and Newborn Child Health (NIPI II),V23e9xbxrBa,2013-AWD-027
PRJ - NIPI II - Preservice Education - India,OSpwMxzydLY,PRJ - NIPI II - Preservice Education - India,HJua4HavKiG,,AWD - Strengthening Preservice Nursing Education and Promoting Healthy Spacing of Pregnancy for Improved Maternal and Newborn Child Health (NIPI II),V23e9xbxrBa,2013-AWD-027
PRJ - NIPI I - UNOPS PSE in Bihar - India,UX0ADI6VyKE,PRJ - NIPI I - UNOPS PSE in Bihar - India,bCCK0OPjh1N,,AWD - Strengthening of Nursing and Midwifery Preservice Education in Bihar (NIPI I),ah84CgkTRHJ,2011-AWD-030
PRJ - Noble-Ebola Prep - Cameroon,IJoHen0iXnZ,PRJ - Noble-Ebola Prep - Cameroon,Yryya1fdDIS,,AWD - Infection Prevention and Control/Ebola Preparedness in Cameroon,J7Vbg6ts6Pz,2015-AWD-024
PRJ - NovoNordisk - Defining an Operational Model for ANC Based GDM Screening and Management - India,x26oDRSaFPg,PRJ - NovoNordisk - Defining an Operational Model for ANC Based GDM Screening and Management - India,Vq4rQl7GLEC,,AWD - Defining an Operational Model for ANC Based GDM Screening and Management in India ,KgP98Vtq9L8,2016-AWD-003
PRJ - Oxfam Sexual Health and Empowerment Project - Philippines,sfJp31RMUal,PRJ - Oxfam Sexual Health and Empowerment Project - Philippines,QAtktCiSlQy,,AWD- Oxfam Sexual Health and  Empowerment Project - Philippines,XMQI674T0ey,2019-AWD-003
PRJ - Packard - Strengthening PPFP (Extended) - India,IYTuYAJyJgd,PRJ - Packard - Strengthening PPFP (Extended) - India,V7SXjQRHi2O,,AWD - Strengthening PPFP in India and Pakistan (Extended),FVnsRrU6Gb4,2014-AWD-035. 2012-AWD-020. 2016-AWD-032
PRJ - Packard - Strengthening PPFP in Bihar State - India,uqyGBD5MCgR,PRJ - Packard - Strengthening PPFP in Bihar State - India,YnKIIr2fVai,,AWD - Packard Strengthening PPFP in Bihar State - India (Extension -  Improve and Scale-Up Quality Postpartum Family Planning Services in Bihar - India ,MBifbzyuXvu,2016-AWD-030
PRJ - Packard - Strengthening PPFP - Pakistan,nABsklY5Xnn,PRJ - Packard - Strengthening PPFP - Pakistan,SGnhiHUHQJf,,AWD - Strengthening PPFP in India and Pakistan (Extended),FVnsRrU6Gb4,2014-AWD-035. 2012-AWD-020. 2016-AWD-032
PRJ - Packard - SUKH - FP - Karachi - Pakistan,EAwt1eXj3Zr,PRJ - Packard - SUKH - FP - Karachi - Pakistan,DfXWZyWGrO0,,AWD - Strengthening PPFP in India and Pakistan (Extended),FVnsRrU6Gb4,2014-AWD-035. 2012-AWD-020. 2016-AWD-032
PRJ - PAMO - Zambia,xg06srIRG5k,PRJ - PAMO - Zambia,wGJkYDUnaFA,,AWD - USAID Program for the Advancement of Malaria Outcomes (USAID PAMO) - Zambia,q472Nx5QP34,2016-AWD-033
PRJ - Postpartum Family Planning Project - Burkina Faso,jPIvHoAwm61,PRJ - Postpartum Family Planning Project - Burkina Faso,tTlwp6mtLm2,,AWD - Sustainable Scale-up of PPFP: Strengthening Pre-Service Education to Increase Uptake of Postpartum Family Planning in Burkina Faso,ci119FeaYyV,2015-AWD-045
PRJ - Postpregnancy Family Planning Choices in the Public and Private Sectors (PPFP Choices) - Indonesia,s4fnQDbcw6G,PRJ - Postpregnancy Family Planning Choices in the Public and Private Sectors (PPFP Choices) - Indonesia,ljiAIx6j6Rg,,AWD - Postpregnancy Family Planning Choices in the Public and Private Sectors (PPFP Choices)  Kenya and Indonesia,lZu0H8eG3WN,2016-AWD-012; 2017-AWD-020-TO2
PRJ - PPFP PPIUCD - Pakistan,qUf0ItJce3x,PRJ - PPFP PPIUCD - Pakistan,p9nPvuYmLji,,AWD - Expansion of quality PPFP  services across Punjab: An initiative to support the Government's vision - Pakistan,fVGg5Y68X8n,2016-AWD-031
PRJ - Pre-service education - Botswana,FP46hX4fSuR,PRJ - Pre-service education - Botswana,O4fKxFQ0oLg,,AWD - Pre-Service Education for Health Workers - Botswana,xGaizoaw1x7,2009-AWD-004
PRJ - PRISM (AIDSTAR) - Zambia,FWMAHoMFud2,PRJ - PRISM (AIDSTAR) - Zambia,BFDThIINsHF,,AWD - PRISM,N94LCu62cCa,2010-AWD-016
PRJ - Project IQ - Malawi,m90KqlGgZ6A,PRJ - Project IQ - Malawi,zdwrmXvFntY,,AWD - Technical Assistance to Provide High-Quality Voluntary Medical Male Circumcision (VMMC) Services to Programs Supported by PEPFAR ,ot3bvf5kvf1,2015-AWD-056
PRJ - Project IQ - Namibia,nis0giQPKYH,PRJ - Project IQ - Namibia,gj9B3v4u4qZ,,AWD - Technical Assistance to Provide High-Quality Voluntary Medical Male Circumcision (VMMC) Services to Programs Supported by PEPFAR ,ot3bvf5kvf1,2015-AWD-056
PRJ - Project IQ - South Africa,vojyRECznZV,PRJ - Project IQ - South Africa,uE65WaoqMgt,,AWD - Technical Assistance to Provide High-Quality Voluntary Medical Male Circumcision (VMMC) Services to Programs Supported by PEPFAR ,ot3bvf5kvf1,2015-AWD-056
PRJ - Providing Rapid Emergency Planning and Response to Epidemics (PREPARE) - Burkina Faso,TLryzotmYRm,PRJ - Providing Rapid Emergency Planning and Response to Epidemics (PREPARE) - Burkina Faso,dnAZR6Xxe87,,AWD - Providing Rapid Emergency Planning and Response to Epidemics (PREPARE) - Burkina Faso,pMIYlLdb5jp,2016-AWD-017
PRJ - RAF - Pakistan,c5rzPDyBoP3,PRJ - RAF - Pakistan,RnTjQCSHiRb,,AWD - Improving PPC for Mothers and Newborns,oef3XFXKs0x,2012-AWD-026
PRJ - RBHS - Liberia,wVGZmWn6NuT,PRJ - RBHS - Liberia,exRS1iCwQgK,,AWD - Rebuilding Basic Health Services (RBHS) in Liberia,TklYWy09UoJ,2009-AWD-017
PRJ - REVE - Cote dIvoire,E4dKKnFL48j,PRJ - REVE - Cote dIvoire,O1rRFBJ5g4u,,AWD - USAID Resources Toward Elimination of Child Vulnerability (REVE) Cote d’Ivoire ,Ivk1sNZQZSi,2015-AWD-041
PRJ - RH FP and Child Survival Program - Uganda,OXZNvCXp47P,PRJ - RH FP and Child Survival Program - Uganda,Ispsyo4WUYT,,"AWD - Reproductive Health, Family Planning and Child Survival Program ",XtQF2nxu1RN,2009-AWD-026
PRJ - RPP-HIV - Cote dIvoire,O8QyfowD9oi,PRJ - RPP-HIV - Cote dIvoire,OxVUFuuHnA4,,AWD - Reaching Priority Populations With HIV Services Project (RPP-HIV Project) - Cote d’Ivoire,JiI16uWdpEm,2017-AWD-040
PRJ - SAATH - Nepal,jzziL2Bwc7L,PRJ - SAATH - Nepal,IC4Xt6m500B,,AWD - SAATH Project,KT6ncvJfgI9,2012-AWD-015
PRJ - Safe Surgery - Ethiopia,x7dAauxFjTW,PRJ - Safe Surgery - Ethiopia,Od26TkGpm0B,,AWD - Safe Surgery - Ethiopia and Tanzania,Yg5ITz4iUSm,2016-AWD-056
PRJ - Safe Surgery - Tanzania,BJLz4w9hay5,PRJ - Safe Surgery - Tanzania,rgSj2vvtAha,,AWD - Safe Surgery - Ethiopia and Tanzania,Yg5ITz4iUSm,2016-AWD-056
PRJ - Sante Pour Le Development et la Stabilite dHaiti (SDSH) - Haiti,SO09tYfiCH8,PRJ - Sante Pour Le Development et la Stabilite dHaiti (SDSH) - Haiti,h8stWOhJP3z,,AWD - Sante Pour Le Development et la Stabilite d'Haiti (SDSH),lwBj0v9Hvsp,2008-AWD-015
PRJ - SAQIP - Nigeria,uueidrgnx6R,PRJ - SAQIP - Nigeria,m0N8jY7D4oZ,,AWD - Gates - State Accountability for Quality Improvement Project  - Nigeria,dkxDp4UN9XP,2016-AWD-036
PRJ - Sauti - Tanzania,XR9R7CvScFj,PRJ - Sauti - Tanzania,UXKjbD4kk5u,,AWD - Sauti za Watanzania (Voices of Tanzanian People),Aosj2T3ziwR,2015-AWD-036
PRJ - SCI-VIH - Cote dIvoire,JMH8UOJg3Qp,PRJ - SCI-VIH - Cote dIvoire,ces9hgRKS4n,,"AWD - Technical Assistance in Support of HIV Prevention, Care and Treatment Services in the Republic of Cot d’Ivoire under PEPFAR - Cot d’Ivoire",vm9ZrUJR648,2014-AWD-014 
PRJ - Services de Sante a Grand Impact (SSGI) - Mali,MwkwTVGKRrx,PRJ - Services de Sante a Grand Impact (SSGI) - Mali,uNDNpvcEPUR,,AWD - Mali High Impact Health Services II,XZBY14Gx6nb,2015-AWD-031
PRJ - SEV-CI - Cote d'Ivoire,Q2hoxioijPk,PRJ - SEV-CI - Cote d'Ivoire,Uwfo65yLtH6,,AWD - Sante Espoir Vie - Cote D’Ivoire,VFqMLZyZc54,2019-AWD-013
PRJ - SM360 - Zambia,JwvJo05MY6U,PRJ - SM360 - Zambia,ns2zRSxzm6p,,AWD - Safe Motherhood 360+ - Zambia,PlwjKkvZOai,2016-AWD-045
PRJ - SPPHC - South Sudan,aGzITcEEDED,PRJ - SPPHC - South Sudan,wLcU80ejeIU,,AWD - Strengthening the Provision of Primary Health Care HIV Services in South Sudan (SPPHC) Project,imrhEcHqP1l,2015-AWD-058
PRJ - SRH PF Information and Services (aka BD UNFPA Midwifery) - Bangladesh,jzUvZ6T3myj,PRJ - SRH PF Information and Services (aka BD UNFPA Midwifery) - Bangladesh,iM2tPZrkz06,,"AWD - SRH, PF Information and Services through Jhpiego in collaboration with JHUB (aka BD UNFPA Midwifery) - Bangladesh",ov60PnjTUgC,2016-AWD-047
PRJ - SSDI - HIV/TB Expansion - Malawi,ssYsKlv5lCi,PRJ - SSDI - HIV/TB Expansion - Malawi,sdmPYhRmJsx,,AWD - Malawi Support for Service Delivery,iwhs9UQfAtn,2012-AWD-013
PRJ - SSDI - Services Program - Malawi,ANZOnoH19Ew,PRJ - SSDI - Services Program - Malawi,HdsqtnvzkZ0,,AWD - Malawi Support for Service Delivery,iwhs9UQfAtn,2012-AWD-013
PRJ - STAR CHPS - Ghana,R11DR2pyUKT,PRJ - STAR CHPS - Ghana,MJGiBD6a8i3,,AWD - Decresing Malaria Burden in the Six Coastal Districts in the Western Region of Ghana by Improving Access to Quality Integrated Services,fblBQFRunob,2011-AWD-028
PRJ - Strengthening Angolan Systems for Health (SASH) - Angola,L9EW7rX1W5n,PRJ - Strengthening Angolan Systems for Health (SASH) - Angola,SYWXjKcveRC,,AWD - Strengthening Angolan Systems for Health (SASH),NEQApW0wj2x,2012-AWD-009
PRJ - Strengthening HIV/AIDS Clinical Prevention within the Defense Force - Botswana,K4v61pHtA0V,PRJ - Strengthening HIV/AIDS Clinical Prevention within the Defense Force - Botswana,FuluGzwJcRx,,AWD - Strengthening HIV/AIDS Clinical Prevention within the Defense Force - Botswana,HO1nRsVoAUT,2015-AWD-037
PRJ - Strengthening midwifery competency in West Bengal - India,hQzqulyAciL,PRJ - Strengthening midwifery competency in West Bengal - India,zi4GGjUAELg,,"AWD - Strengthening midwifery competency in West Bengal, India",ZRURvpNf3bN,2016-AWD-050
PRJ - Strengthening Pre Service Education and Regulation: Filling Strategic Gaps - Myanmar,OIpLyAldrBs,PRJ - Strengthening Pre Service Education and Regulation: Filling Strategic Gaps - Myanmar,zciFg6tAwtf,,AWD - Access to Health Fund - Myanmar,eUdXIlaWPBO,2019-AWD-026
PRJ - Strengthening teaching ability for midwife - Niger,GM6XuEXv7Ql,PRJ - Strengthening teaching ability for midwife - Niger,gonPt25n7s5,,AWD - Technical Assistance to strengthen the teaching ability for the Midwife profession - Niger,RSJmYMRs5mX,2015-AWD-007 ; 2016-AWD-014
PRJ - Suaahara - Integrated Nutrition Program - Nepal,BccIUWDtvCA,PRJ - Suaahara - Integrated Nutrition Program - Nepal,PGpnmDQWQ8m,,AWD - Integrated Nutrition Program in Nepal,v9XqXqLxYTt,2012-AWD-005
PRJ - Support and Assistance to Indigenous Implementing Agencies (SAIDIA) - Kenya,FUx3kXO3pA3,PRJ - Support and Assistance to Indigenous Implementing Agencies (SAIDIA) - Kenya,G8L52iriOpV,,AWD - Capacity Building of HIV/AIDS With NGOs in Kenya,Lljko5Ixqow,2009-AWD-007
PRJ - Supporting the Ministry of Health to Achieve Public Health - Rwanda,x9DoRMIssVQ,PRJ - Supporting the Ministry of Health to Achieve Public Health - Rwanda,QLQv6eM1dWs,,AWD - Supporting The Rwandan Ministry of Health to Achieve Public Health,bYGwAd3sOlg,2012-AWD-011
PRJ - Supporting UNFPA SRH Services - Nepal,YPktLwfsCww,PRJ - Supporting UNFPA SRH Services - Nepal,tNmrNvh2Ygn,,AWD - GBV and CECAP Services in Nepal,zBVpnrOH5Du,2014-AWD-057
PRJ - Support to Strengthen Management of Human Resources for Health - Myanmar,ubIZFQSkzcZ,PRJ - Support to Strengthen Management of Human Resources for Health - Myanmar,bXpVI8ubxlc,,"AWD - Improved Midwifery for Maternal, Newborn and Child Health Services",Xxre8zCmvA7,2014-AWD-051
PRJ - TABASAM - Tanzania,YVZ9qLulafw,PRJ - TABASAM - Tanzania,Pf2dV2V09OP,,AWD - Improving Maternal and Reproductive Health in Six Districts of Rural Tanzania,b67Nn7J8Yy4,2013-AWD-005
PRJ - Technical Assistance to Support Human Papillomavirus Vaccination (HPV) - Tanzania,XpOjLX5IJND,PRJ - Technical Assistance to Support Human Papillomavirus Vaccination (HPV) - Tanzania,lVdaXhhtcdm,,AWD - Human Papilloma Virus (HPV) Advocacy and Roadmap,Zo4c8AUjmAf,2017-AWD-042
"PRJ - The Challenge Initiative - Mombasa, Kenya",gcjZRgM8p0K,"PRJ - The Challenge Initiative - Mombasa, Kenya",SLPFybOb48W,,"AWD - Mombasa, The Challenge Initiative - Kenya",GSD0u6rUblW,2018‐AWD‐021
PRJ - The Challenge Initiative (TCI) - Tanzania,LTY2hoLMgb5,PRJ - The Challenge Initiative (TCI) - Tanzania,BIyZqQ8w233,,AWD - The Challenge Initiative - Tanzania,j8ApJqk9910,2017-AWD-023
PRJ - The Challenge Initiative - Uganda,qKy0hRvzaJM,PRJ - The Challenge Initiative - Uganda,kGaxoQJLdyI,,"AWD - Mombasa, The Challenge Initiative - Kenya",GSD0u6rUblW,2018‐AWD‐021
PRJ - TIPTOP - Democratic Republic of Congo,OdzzZraUdJ1,PRJ - TIPTOP - Democratic Republic of Congo,SXY82p737W8,,AWD - TIPTOP,JQK2cIyt1T3,2017-AWD-004
PRJ - TIPTOP - Madagascar,awpfCYbHYV8,PRJ - TIPTOP - Madagascar,PUneKUIsVPP,,AWD - TIPTOP,JQK2cIyt1T3,2017-AWD-004
PRJ - TIPTOP - Mozambique,EmfpVtFqosp,PRJ - TIPTOP - Mozambique,kI5Ig0F8jQT,,AWD - TIPTOP,JQK2cIyt1T3,2017-AWD-004
PRJ - TIPTOP - Nigeria,NfSpTw6ikRh,PRJ - TIPTOP - Nigeria,hZPh5CbIZSL,,AWD - TIPTOP,JQK2cIyt1T3,2017-AWD-004
PRJ - TJ Mather - Ensuring Quality and Informed Choice - India,AYDFFNtvNDk,PRJ - TJ Mather - Ensuring Quality and Informed Choice - India,xrbYCbKcjPt,,AWD - TJ Mather - Ensuring Quality and Informed Choice - India,qftyLj6WMSk,2018-AWD-042
PRJ - TSEPO - Program to support VMMC and EIMC and strengthen pre-service education - Lesotho,BIPqX1DN8BZ,PRJ - TSEPO - Program to support VMMC and EIMC and strengthen pre-service education - Lesotho,akgwNSZuJ5X,,"AWD - Strengthening Voluntary Medical Male Circumcision (VMMC), Early Infant Male Circumcision (EIMC) and Pre-Service Education - Lesotho",rRdm70UcZZU,2015-AWD-030
PRJ - Tupange - Jhpiego - Kenya,YqFvN3QioOV,PRJ - Tupange - Jhpiego - Kenya,k1rbR5HewNt,,AWD - Urban Reproductive Health Initiative in Kenya,ATZqGDjb9PZ,2010-AWD-009
PRJ - Tupange - Kenya,TQpdEzVRCMV,PRJ - Tupange - Kenya,UFfHCCH44F2,,AWD - Urban Reproductive Health Initiative in Kenya,ATZqGDjb9PZ,2010-AWD-009
PRJ - Tupange - Marie Stopes - Kenya,HpNF3M7Ew5N,PRJ - Tupange - Marie Stopes - Kenya,eHXwr4tUnEm,,AWD - Urban Reproductive Health Initiative in Kenya,ATZqGDjb9PZ,2010-AWD-009
PRJ - Tupange - NCAPD - Kenya,drOUn0Ci8PH,PRJ - Tupange - NCAPD - Kenya,aGO7AgROXji,,AWD - Urban Reproductive Health Initiative in Kenya,ATZqGDjb9PZ,2010-AWD-009
PRJ - Tupange - Pharm Access - Kenya,ZJN9cPlW1uy,PRJ - Tupange - Pharm Access - Kenya,kZlyKEn4UQW,,AWD - Urban Reproductive Health Initiative in Kenya,ATZqGDjb9PZ,2010-AWD-009
PRJ - UHC - Demonstration - Indonesia,LrkQLhTvob5,PRJ - UHC - Demonstration - Indonesia,Qwy1KZGMCOi,,AWD - Jhpiego Demonstration Project - Indonesia,iEOKCbLEmHg,2016-AWD-001ID
PRJ - UNFPA - Capacity Building of Family Planning Providers - Uganda,PGPKvMLwDgf,PRJ - UNFPA - Capacity Building of Family Planning Providers - Uganda,R3VzqJ9SZ5Z,,AWD - Capacity Building of Family Planning Providers (with an Emphasis on the Postpartum Period) in UN Joint Program on Population Districts of Uganda,bDUabPuW3ok,2015-AWD-003
PRJ - UNFPA - CECAP - Cote dIvoire,WfJ5wwo5NFj,PRJ - UNFPA - CECAP - Cote dIvoire,YN9VEQfzukG,,AWD - Projet de collaboration pour l’appui à la réduction de la mortalité maternelle par la prévention du cancer du col utérin dans quatorze sites,DT3iPXxHAqp,2012-AWD-FA
PRJ - UNFPA - Pakistan,p53sTkhTy1j,PRJ - UNFPA - Pakistan,UlIaZzHARm9,,AWD - UNFPA - Pakistan,QAUQOhAXQx9,2018-AWD-043
PRJ - UNFPA - PPIUCD Project - Zimbabwe,ieeBCr5igb7,PRJ - UNFPA - PPIUCD Project - Zimbabwe,nytJ71D5Dbt,,AWD - PPIUD Service Delivery at Bulawayo Hospital and Harare Hospitals - Zimbabwe,jaZF33UmIxj,2016-AWD-019
PRJ - UNFPA - RH FP and GBV - Nepal,SmeABzOfwkn,PRJ - UNFPA - RH FP and GBV - Nepal,tBxWfRmPTKR,,AWD - Provide technical assistance to establish and strengthen four clinical training sites in Nepal,awjD8ezq6jv,2016-AWD-057
PRJ - UNFPA - Togo,ba05cj384Dy,PRJ - UNFPA - Togo,WySVK6sXaFl,,AWD - Reinforce family planning counseling in postpartum (PFPP) and access to postpartum IUD (PPIUD) services - Togo,sIIhikuGq6N,2014-AWD-058 ; 2016-AWD-009
PRJ - UNICEF - Keeping Mothers and Children Alive - Uganda,iqu7FEOvpto,PRJ - UNICEF - Keeping Mothers and Children Alive - Uganda,jd0xpLQx04G,,AWD - Strengthen Maternal and Newborn Health in UNICEF Focus Districts in Uganda,wkPE65xmZUp,2014-AWD-043
PRJ - UNICEF - Strengthening BEMONC - Ethiopia,a0tYaIUkj0O,PRJ - UNICEF - Strengthening BEMONC - Ethiopia,EehEW0x1JiL,,AWD - Reduction of maternal mortality by strengthening facility based provision of basic essential and emergency obstetric maternal and newborn care in Ethiopia.,cdqKQ7KBvOG,2011-AWD-006
PRJ - USAID APS - Strengthening Pre-Service Education for Nurse-Midwives for Accelerating RMNCH Outcomes - India,IhgiWqWfgRU,PRJ - USAID APS - Strengthening Pre-Service Education for Nurse-Midwives for Accelerating RMNCH Outcomes - India,oXpS3o69e5r,,AWD - Strengthening Pre-Service Education for Nurse-Midwives for Accelerating RMNCH+A Outcomes - India,kmcTfK6VYzQ,2016-AWD-051
PRJ - USAID - CT for HIV/AIDS - Tanzania,Ax80Lav34DK,PRJ - USAID - CT for HIV/AIDS - Tanzania,WJc1SmAI9pv,,AWD - Mobilizing Innovative Strategies to Rapidly Increase Access and Use of HIV/AIDS Counseling and Testing Services in Tanzania,QLgl6kaqhtD,2009-AWD-001
PRJ - USAID - DFPAP - Pakistan,stIwco8j78W,PRJ - USAID - DFPAP - Pakistan,ubCpAmZlhLu,,AWD - Diversification of Family Planning Activities in Pakistan (DFPAP),HSU31c7jIxV,2008-AWD-004
PRJ - USAID - Ecotourism Nyungwe National Park - Rwanda,rqajZ2m6A3o,PRJ - USAID - Ecotourism Nyungwe National Park - Rwanda,msxf6lQzlrG,,AWD - Strengthening Sustainable Ecotourism in and Around the Nyungwe National Park Program,ed1GodlPCtF,2010-AWD-021
PRJ - USAID - Health Sector Development Program - Philippines,q3UJPQtYEvo,PRJ - USAID - Health Sector Development Program - Philippines,ojkszuzy8QT,,AWD - Health Sector Development Pgm - LG Systems Strengthening Component,B22bzRIANay,2007-AWD-013
PRJ - USAID - IMPACT - Benin,hyw4wGaqWFz,PRJ - USAID - IMPACT - Benin,FeYkcCetGj3,,AWD - Integrated Program to Promote Family Health and Prevent HIV/AIDS (IMPACT),fDL2BqMDzDH,2007-AWD-016
PRJ - USAID - Strengthening Human Resources for Health (HRH) - Ethiopia,Tx26PMbWsme,PRJ - USAID - Strengthening Human Resources for Health (HRH) - Ethiopia,Wl3qJAwcUz3,,AWD - Strengthening Human Resources for Health,XS2dKiJERSa,2012-AWD-034
PRJ - USAID - TASC2 EHSP - Angola,ojuRLY9ZUhe,PRJ - USAID - TASC2 EHSP - Angola,GlV2KPhXV9C,,AWD - TASC 2: Angola Essential Health Services Program (EHSP),m7LLodkFScX,2004-AWD-026
PRJ - USAID - TASC3 RFTOP - Peru,uUmUmM7F4uf,PRJ - USAID - TASC3 RFTOP - Peru,VU189otXFOD,,AWD - TASC 3 RFTOP: Technical Assistance Group for Health Sector Program,zbkoHkxW0eD,2009-AWD-002
PRJ - USAID - TSHIP - Nigeria,yYuoRod9yYo,PRJ - USAID - TSHIP - Nigeria,PmWJS1BwwUu,,AWD - Targeted States High Impact Program (TSHIP),aQ4YiuKHRoG,2010-AWD-011
PRJ - Uzazi Salama - Tanzania,IOeEzbkjZpZ,PRJ - Uzazi Salama - Tanzania,iglsQrbnJmg,,AWD - Safe Motherhood in Rukwa Region/Uzazi Salama Rukwa - Tanzania,xJBtHu2O8oL,2017-AWD-025
PRJ - VMMC Gambela - Ethiopia,Cqtg89TKUTC,PRJ - VMMC Gambela - Ethiopia,NeK5HXphe4h,,AWD - ICAP - Technical Assistance for the Transition of Comprehensive HIV/AIDS Programs and Medical Education to Ethiopia under the PEPFAR,FfYDbs60P02,2014-AWD-034
PRJ - VMMC - Malawi,DfW3H3IEptw,PRJ - VMMC - Malawi,BeoiMieIfLM,,AWD - NAC VMMC,hFSflrLsgT4,2017-AWD-017
PRJ - Water for Women –Supporting Safer Birth - Myanmar,syEn6UpJxOr,PRJ - Water for Women –Supporting Safer Birth - Myanmar,vZ3ZD98TDwq,,AWD - Water for Women - Myanmar,NR9ZAIXuKFT,2019-AWD-020
PRJ - Wazazi na Mwana - Tanzania,zTnEBngbqPP,PRJ - Wazazi na Mwana - Tanzania,fcw669A7bKZ,,AWD - Wazazi na Mwana,ayue8ItuvGi,2012-AWD-030
PRJ - WDF - Integrated Approach to Quality Care for Gestational Diabetes in India - India,ve3UvALr7Zp,PRJ - WDF - Integrated Approach to Quality Care for Gestational Diabetes in India - India,dzRA6RumdeT,,AWD - WDF - Integrated Approach to Quality Care for Gestational Diabetes in India - India,E9l4ZA6A4Eh,2018-AWD-049
PRJ - West Africa Regional PPIUCD - Benin,OLnhoZd9T4y,PRJ - West Africa Regional PPIUCD - Benin,DMdWI45ZzmK,,AWD - UNFPA West Africa regional PPIUCD extension program - West Africa,oQLGZhdAYxj,2014-AWD-061
PRJ - West Africa Regional PPIUCD - Chad,KIXlAQ5uYdl,PRJ - West Africa Regional PPIUCD - Chad,Wq6dmj3PPxt,,AWD - UNFPA West Africa regional PPIUCD extension program - West Africa,oQLGZhdAYxj,2014-AWD-061
PRJ - West Africa Regional PPIUCD - Niger,yX7J55BglZm,PRJ - West Africa Regional PPIUCD - Niger,YRfT7B5lNhF,,AWD - UNFPA West Africa regional PPIUCD extension program - West Africa,oQLGZhdAYxj,2014-AWD-061
PRJ - West Africa Regional PPIUCD - Senegal,cIplNLTJBC1,PRJ - West Africa Regional PPIUCD - Senegal,XaYDhVMi0OQ,,AWD - UNFPA West Africa regional PPIUCD extension program - West Africa,oQLGZhdAYxj,2014-AWD-061
PRJ - West Africa Regional PPIUCD - Togo,PVngpB0lwjn,PRJ - West Africa Regional PPIUCD - Togo,PEuUrArsE1V,,AWD - UNFPA West Africa regional PPIUCD extension program - West Africa,oQLGZhdAYxj,2014-AWD-061
PRJ - World Bank - Nursing and Midwifery Skills Development and Employment - India,ERzvBJNxd6q,PRJ - World Bank - Nursing and Midwifery Skills Development and Employment - India,BivJj4NeaVK,,AWD - Nursing and Midwifery Skills Development and Employment - India,fZpsmU9r0U5,2017-AWD-027
PRJ - Young Womens Christian Association (YWCA) under APHIAPLUS - Kenya,mG6ARxRuVYY,PRJ - Young Womens Christian Association (YWCA) under APHIAPLUS - Kenya,LCov1k4Cmhf,,AWD - APHIAplus Health Service Delivery Project-Zone 4: Central and Eastern Provinces,tZo1j79bpca,2011-AWD-019
PRJ - ZAPIM - Zimbabwe,POiwTBoJWmp,PRJ - ZAPIM - Zimbabwe,Zo8GvY60Wq8,,AWD - USAID Zimbabwe Malaria Program,cbinWACshQC,2016-AWD-020
PRJ - zDel - ACCESS - HSSP - Afghanistan - TDB,Djl5oVbFJFy,PRJ - zDel - ACCESS - HSSP - Afghanistan - TDB,Rqxp98il8zd,,,,
PRJ - zrodACCESS 223 - HSSP - Afghanistan - TDB,oOPQDC4rRou,PRJ - zrodACCESS 223 - HSSP - Afghanistan - TDB,deUIPbzDSjb,,AWD - JHPIEGOAK,Uqpknx8yRmQ,2015-AWD-1958
zDel - PRJ - CDC - COP09 - HIV PCT services with FMOH and PEPFAR - Ethiopia,ks5CzHJ95qd,zDel - PRJ - CDC - COP09 - HIV PCT services with FMOH and PEPFAR - Ethiopia,RykwHvjQUIh,,"AWD - HIV Prevention, Care and Treatment Services in Ethiopia with FMOH and PEPFAR",RRVzTlQP2p4,2010-AWD-012
zDel - PRJ - CDC - COP10 - Ethiopia,eZfwwmCgyFq,zDel - PRJ - CDC - COP10 - Ethiopia,RUvLa1oCVum,,"AWD - CDC Technical Support in HIV Treatment, Care, Prevention in Ethiopia - COP 10",kDjhD1KXKRi,2011-MOU-026
zDel - PRJ - CDC - COP11 - Ethiopia,YgaW8spILxq,zDel - PRJ - CDC - COP11 - Ethiopia,KZZ2TsbiqXz,,"AWD - HIV Prevention, Care and Treatment Services in Ethiopia with FMOH and PEPFAR",RRVzTlQP2p4,2010-AWD-012
zDel - PRJ - MCSP - PCMD - Haiti,ymcZBjJr0kC,PRJ - MCSP - Haiti - PCMD,dtrU8lsC4gG,,AWD - MCSP,p8449uI7Fym,2014-AWD-044
zDel - PRJ - MCSP - Rwanda - Malaria,ic2mZKMzri5,zDel - PRJ - MCSP - Rwanda - Malaria,X00EPMIdTZo,,AWD - MCSP,p8449uI7Fym,2014-AWD-044
zDel - PRJ - Postpregnancy Family Planning Choices in the Public and Private Sectors (PPFP Choices) - Kenya,PDtp6finX5z,zDel - PRJ - Postpregnancy Family Planning Choices in the Public and Private Sectors (PPFP Choices) - Kenya,Ej3bmKwKT2h,,AWD - Postpregnancy Family Planning Choices in the Public and Private Sectors (PPFP Choices)  Kenya and Indonesia,lZu0H8eG3WN,2016-AWD-012; 2017-AWD-020-TO2
zDel - PRJ - THEBE - Lesotho,zjsKk4KW59W,zDel - PRJ - THEBE - Lesotho,Nr7Kz1JnmW7,,AWD - THEBE - Lesotho,TuArtV8FGMQ,AWD - THEBE - Lesotho
